patient_id,first_name,last_name,dob,gender,race,zip
69b9b9e5-2fdd-4dd7-a283-ca9baeda9db7,Allison,Hill,2005-09-26,M,Asian,29757
fc2f358a-4db2-4775-a22c-6cd82b0e26a0,Brian,Yang,1981-10-09,M,Black,71983
31411c26-399f-4077-93aa-90d29d365042,Javier,Johnson,2007-04-28,Other,Other,29158
df3f1a11-46d4-4cbb-b4b3-a058d2ba560b,Lance,Hoffman,2010-02-11,Other,Hispanic,94351
40c48458-9799-4e66-98f5-c3f72a0bb46f,Kimberly,Robinson,2020-01-05,M,White,77737
e2120cc3-3e58-4fc8-80b4-9f390e28b087,Sean,Blake,1986-06-26,M,Other,21427
3d9cd297-dfcf-4c2a-a7e9-3cf090ca1863,Gina,Moore,2020-12-13,Other,Black,44619
1fbb53ed-b54f-4b88-85a4-41abda7a597f,James,Howard,1927-12-08,F,Black,45583
540e0389-bb77-4903-958c-312bba2d9dfa,Renee,Blair,1945-02-10,Other,Asian,70785
045e88f1-e8ba-4ac4-ba9e-e67e77673571,Thomas,Miller,2024-07-19,M,Hispanic,38928
2ec7cdeb-848a-4539-b57b-be339501f233,Lisa,Hensley,1964-08-30,F,Black,76175
1f846dff-50ea-45c0-9636-930b403d22eb,Benjamin,Stanley,1987-01-30,F,White,38431
fa391357-84f1-43db-a43d-94e70dc76eaa,Dr.,James,2009-01-26,F,White,59930
a2455806-ce69-43b3-8e57-4768b45dc81a,Holly,Wood,1961-04-20,F,Other,27961
25fefde2-fbf2-4827-b4d8-1deae26442dd,Mia,Sutton,1978-04-02,M,Hispanic,09859
40e03248-2e36-40b4-8e51-2b878f95e825,Carolyn,Daniel,1929-07-01,M,Hispanic,21918
5496e9cf-3d65-4ac4-9dfb-364708011bb6,Devin,Schaefer,2011-07-29,Other,Asian,90699
273bdb26-28de-461b-a56f-b5eef4865cb8,Melinda,Cameron,1960-10-28,Other,Black,07832
0540758c-f043-42ab-af2b-74b5a9d91d53,Andrew,Stewart,2013-03-26,M,Black,35594
03196f86-c03d-44b4-94f2-1451c0838bac,Thomas,Bradley,1973-10-15,M,Black,94599
f0c26fc4-6149-40ff-b2b6-d3aedc76a614,Matthew,Foster,2007-08-04,F,Asian,84760
146d7767-fdac-4993-a040-62ad5ec4db77,Derek,Wright,1944-05-11,Other,Asian,74080
d04ef69f-56e7-406e-8634-44a43be67991,Nicole,Patterson,1996-07-12,F,Asian,76985
428dd03c-c09b-4d0c-984a-5fa744b0feaa,Daniel,Bright,1988-02-14,Other,Asian,67285
50a71a24-bf3d-4138-9a3b-66cb5be67ac9,Peter,Jr.,2012-11-25,Other,Black,21470
603e0ae0-bc50-4c3e-a9b3-fca5e28b3068,Jennifer,Brown,1929-11-15,Other,Black,50520
58dc6a88-a0b6-4ce1-8450-2be7bdecd8cd,Julie,King,1996-05-24,F,Hispanic,73013
7a2e0a10-d09e-4df7-9e5b-1153d3f04e98,Alexandra,Le,1977-04-11,Other,Other,89854
092e995d-dda8-40db-9206-484e81ef0239,Nicole,Mack,1986-04-23,Other,Asian,45088
c09963b1-c0c6-46cf-a7b2-a60555f7f15a,Jeffrey,Chavez,2015-09-05,M,White,95147
93efe8a5-6478-43dd-84e2-5d4919aac7c7,Deborah,Mason,1969-02-10,F,Asian,23917
266cb0b5-f73b-49c7-aba7-6d62aab4b0df,Ashley,Garrett,2013-11-02,M,Other,84249
41237a00-e8b0-4ee3-8e9a-2a9041b8c417,Christina,Brooks,1969-04-02,M,Hispanic,21675
280b92f6-e013-4032-ac4f-7704906df760,Paula,Moreno,1954-09-22,Other,Hispanic,00575
f5e3a724-a120-4b5c-af5b-e269c4034b8e,Katherine,Rodriguez,2000-01-29,F,Black,48077
87cb0757-9e97-4169-a7c5-29536f9a27f7,Sandra,Parker,1981-06-18,Other,Other,08093
cadbf10e-3358-452f-9ebe-d88d8a975331,Keith,Miller,1929-01-02,F,Other,96433
b83e267a-0ee6-4152-ad64-2a7a71fa4fc4,Mr.,Cannon,1948-11-03,Other,Hispanic,17329
f47a83d8-56a1-42bd-a664-ca4dd123af4b,Theresa,Martin,1960-10-05,M,Black,69664
a2f68fb5-3ade-46cd-b773-4ab58527829d,Jenny,Lewis,1934-04-16,F,White,71187
f08953a1-6411-4ad3-affa-6ed427018c52,Melissa,Marquez,2017-04-05,M,Black,52797
5a25ffbd-1513-4a63-839b-b2f5572c20ad,Marie,DDS,1997-01-03,Other,Hispanic,16361
f6174d8d-3471-49ae-af56-3fc4a219257a,Austin,Smith,2014-04-25,F,Hispanic,73104
10d70e63-451b-4f26-8523-7d79079b7ba9,Daniel,Jones,1941-09-24,Other,Asian,83220
e2091d30-ef65-4f24-8922-a313c9abd1ad,Austin,Johnson,1926-06-13,M,White,43810
e4b59fd1-6f4c-4314-9f2d-055942e522e4,David,Caldwell,1929-05-14,F,Asian,28581
98b6c2d3-3b3e-4db9-9be4-0f61435b2d73,Miranda,Khan,2005-09-12,F,Hispanic,76026
a709a531-fc1b-4339-aad4-3c6e87d4d8ba,Richard,Aguirre,1997-05-02,F,White,25458
5e1584c3-c9ea-41f7-8f80-1583f54e5116,Matthew,Gomez,1978-06-15,Other,Black,54384
9442d528-12c2-430e-ac8f-80679b7eccfe,Nicholas,Nunez,1934-08-15,M,Asian,85197
cd684547-6953-4d00-bfe1-131364aaf610,James,Morgan,1934-08-16,Other,Black,14823
5d581eba-046c-4fbe-a484-929110ac2397,Connor,West,1998-04-16,F,Black,55797
29a1f61a-ef98-4a74-8043-a1d4e7a62def,Joel,Baxter,1928-12-07,Other,White,10381
345ada0b-51d1-4107-ac80-9bb6d4ef4c18,Scott,Pierce,1967-07-21,F,White,07131
5d96d19b-bff2-4304-b03d-0320a4e4ec94,Kimberly,Smith,2005-08-22,F,Asian,12725
7bb914e0-a09a-42ca-b73a-3b02ae0c06c0,Sarah,Martin,1982-10-01,M,Black,64154
d9e8a25a-3512-4913-a2b8-cce4be993c85,Dr.,Martin,2011-08-01,M,Hispanic,00783
3625f80a-9dd8-4fa4-8422-34b820c7dc25,Mrs.,Gibson,2013-04-18,Other,Black,55945
68aa5210-48c6-4423-a3b3-8da7abb8b1eb,Monica,Logan,2002-09-04,Other,Hispanic,87253
408153ac-7325-4f80-bf77-50b94b7a1ac8,Brittney,Phillips,1927-01-24,M,Asian,08166
4fada244-f52b-4a9b-8575-9b8b957ef531,Kimberly,Adkins,1931-01-13,Other,Hispanic,07993
1796055f-57c9-48e2-88ae-402cfc601486,John,Calhoun,1987-09-17,Other,Black,70116
983adf55-7fc8-47d6-9207-2686a5edb7f3,Tyler,Miller,1969-10-13,F,Asian,24857
83092d25-5cd7-4c19-8ba5-fab480693c49,Barry,Hensley,1947-02-08,Other,Hispanic,53424
a5eff875-645b-4ca4-b145-2b2d47ae840f,Steve,Sanchez,2004-01-01,M,Black,78425
219097e6-2ec1-4a3d-bc36-bc96ad5affc7,Bradley,Sandoval,2014-03-23,F,White,74586
ff6631fa-6cf4-428a-bb79-14ceca702c5f,Taylor,Harris,1926-04-29,M,Other,94373
c2a4a449-bfb3-4b4d-8c68-59aec9b311b9,Derek,Anderson,1986-03-14,M,White,85108
486f7b7d-5ff8-4097-a5c1-6a20b70f2b66,Eugene,Walton,2015-02-24,M,White,10009
e0c6359d-f792-4c9a-a591-929db80cf216,Marc,Hart,2020-01-29,F,White,13605
b8715a22-432c-4c8b-87d6-da687a3278f4,Daniel,Baker,1933-06-17,M,Asian,46246
d79cb158-95bc-4bdf-a3f1-db50f93c084e,Sherry,Wood,1938-08-13,M,Other,21177
3d80d1fb-f20d-4f53-a67f-32462fd3df3e,Joshua,Turner,2001-12-21,Other,Other,86218
42963ece-05cc-4a9f-b54e-082be03fffa1,Mary,Spencer,1940-11-26,M,Hispanic,87452
e5e21298-ac62-4bb7-8c9b-6a6ffd891f8b,Shawn,Baker,1952-09-03,M,White,14530
9f9585c4-902f-40f4-83e1-10658f5c43cb,Brittney,Campbell,2008-04-27,Other,Hispanic,28108
9895cb36-d17b-46db-aaae-bbadb807c75f,Christina,Walters,1962-02-21,F,Hispanic,35101
723756b6-586d-4d8b-af1e-14522f0ae34f,Danielle,Odonnell,1941-12-01,Other,White,07159
66b1f73e-485c-474b-ad95-94591e957aba,Jeff,Hill,2008-01-21,M,Hispanic,00965
2dfacf7b-bbc5-4843-894c-0d2d540a5bf9,Carlos,Whitney,1964-10-31,M,Black,21679
2ab54b40-eed6-4238-949c-363c3a89a0e9,Kristen,Patterson,1991-05-03,M,Other,01768
74fa633b-27ff-4afd-bdb2-71c20aa8f561,Tony,Vazquez,1945-03-21,M,Hispanic,20037
77f1385e-6cb8-4031-9b1c-2016325c3914,Sandra,Aguilar,1992-10-15,F,Hispanic,19911
b8f47e36-672a-4c0e-87ac-47e86a451a11,Andrew,Diaz,1980-11-21,M,Hispanic,05730
5c851fc4-aaa4-452a-a965-b9e13892fbc0,Christine,Wright,1926-12-20,M,White,13974
4d68c4e3-f953-44ec-b1a0-b7b901c1487f,Justin,Baxter,1928-09-19,M,White,81852
d829d4be-e16f-4c43-aaf7-f7900a322db7,Tammy,Young,1983-04-20,M,Hispanic,21800
38a7af28-2540-4043-80b6-c013757ca88c,Rita,Keith,1938-07-30,F,Black,03749
5e1186fc-518e-4e94-be3e-eb69f105eb1e,Tim,Patton,1953-10-03,M,Black,54465
8c83f6d3-4f4c-4195-8156-1350d2963adb,Sharon,Cochran,1957-09-18,M,Hispanic,35471
083dc6eb-9655-4887-b5ee-30790562e4dc,Michael,Reyes,1978-02-16,F,Asian,05576
abcf4031-9b67-4bd5-8823-01a14cb7c169,Courtney,Velasquez,1949-10-24,Other,Other,60833
8ad6115a-85fc-4617-afce-aa7f69112567,Robert,Savage,1938-05-23,M,Black,29720
a0458322-47d1-4150-90a9-c69945bf86dd,Corey,Murphy,1972-06-22,M,White,09600
f136f403-4f5c-4ffd-9af5-ca0b09b2fac6,Diana,May,1928-06-05,M,Asian,52887
44f25596-5a13-415a-8bda-2b84ad61479b,Sarah,Rivera,2015-06-16,M,Other,04118
8bd0a6b6-8cd0-4dbe-b603-3781afa62998,Wesley,White,1940-03-01,Other,Other,35296
b981886b-7319-4252-8fbe-7625207bfa7c,Kyle,Reed,1997-06-19,M,Other,41615
11b3155f-7a1a-49e9-b774-8168de3c41c3,William,Wilson,2011-05-04,M,White,76075
cc032401-5c67-48be-88c1-aa6a1659496b,Andrew,Graham,2013-07-09,Other,Black,68647
2a2346ef-4bee-4fda-aa20-69ac0682b86c,Kimberly,Ball,1953-04-07,M,Other,97749
cf723260-d46f-4ff4-8d86-1a8d3f64f69a,Christina,Reynolds,1981-07-15,Other,Other,87563
23324659-a1d2-49a6-8e98-4df74dcc461d,Lisa,Alvarado,2018-08-01,Other,White,16835
ae946054-d973-4c7d-87d4-b9a0ba33ebf8,Elizabeth,Parker,1950-06-29,Other,Other,54029
01a41c56-fedd-401e-8c8b-a9a2ce6049ac,Michael,Spencer,1931-11-29,F,Asian,25645
0e46bab0-26ea-443e-aa2d-ad2fc79da8a5,Todd,Byrd,1989-01-23,Other,Asian,23311
c4a34ed6-3159-4711-b18f-38888f322db5,Elizabeth,Kelley,1982-11-20,F,Hispanic,00554
750979e5-50b4-44ab-951d-e0084d2bd534,Daniel,Floyd,2002-03-25,Other,Asian,80017
a4103d9a-a2bc-45d5-ba59-68699d739c3d,Julie,Ramos,1943-09-04,F,White,28511
58d26411-1970-4a94-b944-c7aef0afdd29,Rebecca,Moyer,2024-01-16,F,Other,96964
a79b396a-51b3-47a7-86b5-92dbe6303452,Bradley,Robertson,2007-10-10,M,Other,83461
6eb36d01-6bcf-486a-8f63-642e2d6f1053,Anna,Crane,1987-06-20,Other,Asian,31285
d16f6603-a0cf-40b4-9744-849aae4103a1,Courtney,Gonzalez,2001-12-12,F,White,03702
063e0c12-c2a0-490a-9429-bb1b605295e7,William,Carr,1981-11-18,F,Asian,10046
d1b5dd18-16ed-49e8-ac87-b450acb7492b,Stephen,Johnston,1997-05-29,F,Other,94656
a5ba7614-46d3-4029-af00-f214b5d31010,Kathleen,Sanchez,1971-06-08,Other,Other,86491
4da80df7-5e91-4121-9de4-252bb0cd1477,Stephanie,Dalton,2024-04-23,Other,Other,14471
9ca1e27a-14db-4274-9ee8-1e76be777a79,Colleen,Brock,1971-12-30,Other,White,91715
92eeb73e-a384-4819-8077-57f5a99dc939,Amber,Wright,2001-08-14,F,White,16407
60acd9a9-63a5-4a64-945a-0f74558ee28b,Robert,Contreras,2006-07-05,Other,Other,73760
ba60d8af-a305-45e7-8403-7eca84cd7bca,Tiffany,Vance,1997-10-27,F,Asian,80802
0563c783-47da-422f-96ca-ac435c578f5a,Stephanie,Simmons,1987-12-03,Other,Asian,72311
d05c29bd-ec9b-44e3-9340-864f54adb9ba,Christopher,Hensley,1989-03-08,Other,Asian,59492
91d84dae-1347-4d2d-9efe-4b05e4bdc7c1,David,Walsh,1935-01-11,F,Asian,68828
67a87f05-b856-4407-8446-070693af01a1,Mr.,Reeves,2016-08-06,M,Hispanic,31236
84296baf-ac39-4ce0-9ff5-a68c147d2969,Francisco,Fernandez,1976-01-26,M,White,18637
6343e0bc-1310-4983-916c-0498698ded70,James,Hernandez,1965-11-12,M,Asian,28544
b2e118f4-a0f9-4703-96ff-d5788bb10bc5,Jason,Daniels,1996-09-20,Other,Hispanic,54997
33ac37c8-1d0b-4026-bde9-6d8d42f1b07b,Ross,Price,1926-09-23,Other,Hispanic,77057
07bffab8-8568-45d7-a5f0-d5291f81c3a2,Alicia,Gilmore,2023-12-24,M,White,75957
87035dfe-3dc2-4ab2-9d4e-11e69d3d5ebf,Aaron,Bell,1998-12-20,Other,White,99260
75beb9af-0cce-483e-9336-d1a3f5fb04bc,Steven,Houston,1959-06-20,Other,Other,71046
d72a98bf-e7bc-488c-a690-e5a2f7899e26,Kimberly,Morrison,1999-02-21,F,Black,29407
9b76e95f-336c-4b42-9582-5dda44164a60,Don,MD,2018-03-17,F,Asian,88171
b80df002-5b15-4209-be2d-d8d3b72f5de7,Jennifer,Martin,2018-07-22,F,Black,61762
4ba7bb83-a3d7-4583-97f8-7c7b26ef660c,Veronica,Ferguson,1980-12-09,Other,White,52146
a9c60ff8-1722-4d18-8b37-b6d8ac8aa73f,Mary,Miller,1962-04-03,Other,Hispanic,56680
42eafdc2-6870-4e62-85c7-4a49d0fc8c86,Joel,Williams,1997-12-25,M,Black,50190
121c8818-fa54-4828-aabb-3084cc8df6df,Jesse,Rogers,1993-12-11,F,White,50193
52db217d-9375-4055-b79a-dc274249cdf3,Trevor,Fisher,1993-07-13,Other,Asian,11236
7ef6479f-ebf8-472a-93dd-a0fe72368e5c,Paul,Williams,1951-11-03,Other,Black,46371
299175a3-0ccd-4c29-82a2-2845308d0c71,Barry,Bernard,1977-11-03,M,White,05777
24c87b1f-90c0-43fc-9c49-f9b58c179ac5,Tiffany,Gonzalez,1957-01-27,M,Hispanic,03172
aeb52e6d-d54e-4eea-a3b4-bb2cb89a7c4f,Cynthia,Wells,1985-10-20,M,Hispanic,15494
1c8fa7ff-5d61-4f69-a5e9-55ef69d30461,Claudia,Lyons,1962-12-22,F,Black,48852
1fa49cf5-c6ae-4c99-83fd-49f2db8d01cd,Lawrence,Adkins,1985-09-18,M,Black,15513
cc5908b1-2b15-44c3-b1bf-ccd30fd2b85b,Carla,Collins,1954-03-21,F,Asian,76350
1c40edc6-231f-4257-a1b0-13d81a5258c4,Eric,Byrd,2013-04-04,F,Asian,49693
75ec7933-0283-43c5-be5b-08214180dc73,Miguel,Jones,1934-04-24,F,Other,91021
79d1d62e-d8b6-4a0e-9d6b-98bed41b3a7d,Dana,Terry,1966-04-18,M,White,40030
08d5d910-e30b-4e66-881d-80f7868b823d,Lindsay,Martinez,1978-11-05,M,Other,74678
ef550570-26c5-4dd3-a8f4-1d66dabbebe3,Hannah,Patterson,1978-01-30,M,White,49072
b78b2384-e630-417e-86b6-f1d9fc23a5e8,Matthew,Smith,1947-09-28,F,Asian,55558
d39292d5-d766-42ec-bdf8-bcc74721406b,Ashley,Yu,1947-05-31,Other,Other,83808
65fe99bb-1e80-41cc-a0e9-e118af29731d,Julia,Hernandez,2004-12-18,F,Other,23587
7ada2b96-544b-43e5-984c-36c59381f028,Tracie,Nelson,1991-08-10,F,White,71040
54ad05d6-550b-45d6-bdbd-b75611a19097,Julie,Petersen,1947-06-22,M,Other,78157
6d80c5f4-806c-48d9-966c-c89dad1612b2,Samuel,Rivas,1929-02-06,Other,Black,11860
794a4e29-6cb6-4e7f-9ad5-eee038a3f0e9,Jerry,Christensen,1960-05-12,F,White,75192
629de7cb-4470-4e3d-875d-b70a7d5d514a,Jamie,Johnson,1966-06-20,Other,Asian,43101
832a18ff-82d4-42ea-bc01-d58093dc3ba0,Daniel,Salinas,2003-05-09,Other,Asian,45109
7c18a29d-a3ac-466c-b4a0-908d9c28eb90,Kyle,Beard,1934-09-21,F,Hispanic,73349
43e23d4d-50e1-410d-af40-a35faf82b9df,Travis,Miller,1967-03-10,F,Asian,94882
bd1cc015-ce2d-4c17-8cf3-51ca620c9730,Justin,Allen,1926-03-28,M,Black,62903
b880f976-e5a0-438d-a70f-6f76fd9186f6,Katherine,Mcguire,1950-04-10,Other,Hispanic,12697
a57b1511-8f59-4dc8-8b19-c1d620b5d7b9,Jared,Sanchez,1994-06-27,Other,Other,87527
54d673eb-e641-4341-a1ed-6cf72733ebf2,Kara,Schmidt,1971-09-18,F,Other,56272
bfe6d852-6029-49f1-a0ba-6e534ca85ade,Krista,MD,2025-08-22,F,Asian,40690
33cb18d3-d285-4868-b9fc-11e0f681c749,Bryan,Lee,1988-01-01,F,Other,16171
d9407575-24db-4d4d-b503-3338bae8fe9d,Tiffany,Vaughn,1967-11-23,F,Hispanic,25606
ad67e5be-c3e6-4ccd-910e-9634946dc2e4,John,Hardy,1946-05-18,Other,Black,69266
334ec4c5-8ee5-4fd9-94c7-48eaf2b48f84,Veronica,Wall,1933-12-29,F,Black,39330
050ada98-a8af-4b95-a1c2-5ec2ebfe638b,Christopher,Smith,2010-07-01,F,Other,70511
cc23d0a8-464d-429c-a505-382c265c7f87,Angel,Brown,1965-07-28,M,Black,38791
f438e03a-d2ff-4166-a8fe-2fb9c40fc3a9,Beth,Oneill,1970-01-06,M,Black,64841
af6345ff-0ce9-48ff-bdfc-16f73d54b06d,Adam,Mitchell,1999-04-11,M,White,63247
b1bd6e3c-81eb-48fd-8822-d6b2f9981390,Cody,Williams,1981-10-12,F,Other,63117
6e6fb8c5-4dbf-4e49-96ce-aa67d7cd51fd,Austin,Vasquez,2012-08-24,F,Hispanic,76132
2b317df4-636d-41b3-b9a5-e9b5800b47a5,Amy,Hernandez,1990-10-29,Other,Hispanic,74273
879bedd7-8915-46a2-bc40-106586e56c45,Angela,Wright,1937-01-03,F,Black,73648
d4c5c49a-2c28-448c-afb3-66d59ee6325a,Lisa,Gibbs,1999-03-27,Other,White,30082
ccafacac-78c9-447f-9a55-d5d837ddd13f,Jamie,Kerr,2006-08-03,F,Black,39475
9297b71a-5ea5-46ea-ac72-5d8173552a1e,Wanda,Torres,1994-02-26,Other,Other,81900
1da6aeba-84bc-43ae-8e4c-99a6bba7239a,Tyler,Garcia,1942-05-12,M,Other,27736
d541980e-64f5-47e3-8af1-2926da4413a1,Deborah,Miller,1980-12-31,M,Hispanic,31940
125d419b-2545-4422-982d-52877d8ec204,Benjamin,Smith,2001-10-15,F,Other,59549
4bef8cad-c52b-4351-b692-ed88998c9d8c,Julie,Johnson,1968-10-12,F,Other,38263
d6cfcf78-c715-455f-a06f-c13e0b63d14c,Michele,Gibson,1935-02-21,F,Other,90597
3bf79b23-6006-4bb4-a14e-be1e9338652a,Dennis,Moody,1945-09-14,M,Hispanic,77805
7ffc0b93-7227-4115-86db-16527dec324f,Taylor,Coleman,1944-12-16,F,Black,71877
c502d24d-ab8d-49b9-96a1-0711cdb32f66,Chase,Baker,1975-12-16,Other,Hispanic,19144
8941e0e0-4621-4074-98d5-7c3e9d4c5f4c,Christopher,Parker,1982-10-14,F,Hispanic,98668
26b68a36-fac4-4afc-bb4f-8db52484c0a0,Tammy,Gonzales,2011-10-24,Other,Asian,61934
6df77db6-4047-4d2a-98fa-c473ce48b4ef,Melissa,Bender,1983-08-22,F,Asian,66098
86615ab4-4600-4895-88cc-4657c6192ba2,Jessica,George,1968-05-07,Other,White,57127
600c118d-7b4e-4157-98e6-353b8db90f00,Lindsey,Johnson,2000-11-19,M,Black,30506
a71585c7-b684-4ac7-b5b2-2c63a363e7f1,Sara,Johnston,1956-12-26,Other,Black,03220
520c6c64-9333-41bd-a2db-c0efde3068de,Miss,PhD,1987-04-29,M,Hispanic,62170
afb68d88-704e-44aa-b2c7-91d1f0c9a088,Jessica,Ramirez,1952-07-30,F,Other,77221
089be10e-589b-4423-b3dd-5f144037ddb1,Robert,Costa,1942-02-11,F,White,62106
b246742d-9028-4e01-8576-324c1e64eaf9,Gary,Santiago,1988-08-07,F,Hispanic,21580
46377abe-8d6b-450e-a8b0-1cbda4ce9f51,Michael,Roberts,2022-03-17,Other,Hispanic,52989
9c6daad6-31e4-4e37-a9ea-65441f3d3776,Krista,Gibson,1940-02-17,M,Asian,41725
aa761b9a-27b7-41cd-b5bf-a8da4b61be89,Brian,Barton,1972-02-19,F,Hispanic,67950
3c24307d-2a5a-4fad-9fdd-15ff03acd0b3,April,Booth,1929-02-21,Other,Other,61053
0fdd5697-2c9b-4fcd-b302-c4e11f4da549,Cody,Cox,1986-02-21,F,Black,99649
5a787cb6-e9aa-4fbd-8fca-165a8a22e8ac,Mr.,Jr.,1976-09-27,F,Hispanic,38253
b46218e7-3156-48f8-be3b-75adcacc010c,Michael,Martinez,2020-07-03,F,Asian,83079
3b114f5f-39f7-4bcb-b608-6c47e47f7f29,Cynthia,Moore,1953-03-02,Other,Black,72700
c680f24c-c4e1-4712-903d-de918db6a96c,Jason,Walker,1941-11-07,M,Other,15372
527b0908-14a1-4f61-adb5-027ba8888ab3,Bruce,Collier,1929-11-16,M,Hispanic,65824
2e8d63eb-a7d2-4e36-8b05-7068a9d7f08b,Dorothy,Thornton,2020-11-06,M,Hispanic,54960
91af14b5-be6a-40cd-8de4-607eca112b15,Veronica,Sanchez,2001-05-13,F,Black,72756
c9fd9555-d45c-475c-b193-4e2f955e39b0,Connor,Greene,2016-09-09,F,Hispanic,98319
d9da24f7-f43c-4fe4-b2bd-8ead58254696,Sharon,Hill,1966-12-23,M,Hispanic,54888
620a5ad1-8c9e-47fc-bb4a-0a999d5a3be6,Richard,Adams,1967-01-25,F,Hispanic,00837
cf5fcfc4-7da1-4776-814f-f01deb41e9a2,Edwin,Matthews,1975-10-15,F,Asian,87000
9b4de5d6-edc4-4dd9-a914-bd6bdc335273,Charles,MD,2011-01-07,F,White,72841
35ab55f7-0096-49ea-8ecf-d33d6e9279d5,Jamie,Cantu,1928-12-04,M,Asian,25228
ba349293-07e6-42c5-93f0-9ba0af920ba2,Mrs.,Chase,1985-06-25,Other,White,54342
58eecbdb-fe52-4b16-8745-4fd8aee00393,Patrick,Thornton,2018-06-28,M,Black,50469
06650b29-151d-4ec6-9b5a-0649e9240af1,Matthew,Hoover,1989-12-10,M,Other,20437
4de416c2-2fbc-4f05-9a7f-6eeb9e4e0600,Andrew,MD,1998-05-16,M,Black,13655
947ad3f2-70f0-4db4-967a-d7225a91404c,Jessica,Fox,1940-09-28,Other,White,60391
cf2e2437-b9be-458c-aca8-e71801530d9f,Charles,Pitts,1986-08-09,F,Asian,20733
559a8be7-32af-4df9-a9c3-1d3824926ff3,Richard,Baker,1959-07-11,M,Other,82192
f9a327dc-efca-4902-9abc-e4896e50ccf1,Marie,Christian,2005-02-28,M,Asian,88890
6ec22578-3438-4d8a-8679-c8f5d8e221a4,Jamie,Stewart,2006-04-26,Other,White,94704
78ea68f3-c7e6-4b56-af67-c104e3866557,Katherine,Weaver,1969-09-27,Other,Hispanic,81432
d5367dd5-8d27-45b0-b6aa-0d3e905759e7,Mark,Mccall,1954-07-17,Other,Black,30318
40a53946-4f85-40d6-a6d4-58c148f90883,Jessica,Garcia,2012-01-29,Other,Black,83567
3ee0ab0e-4186-4ae1-af2e-6de7d6ae4327,Ashlee,Jackson,2007-06-06,Other,Asian,39752
4a35ddb4-a472-444a-9e3e-d4102f3677c0,Amber,Flynn,2003-12-29,Other,White,38953
baf352e1-46cd-4b55-857e-86d5d65d6a68,Jeffrey,Sanchez,1963-06-01,Other,Hispanic,54509
9dfff3ed-b065-4759-bbf0-b6ac08df308b,Rebecca,Jackson,1959-03-23,M,Other,10851
88179b1a-7f06-4132-a299-8f90bf170426,Janet,Vega,1964-06-27,M,Hispanic,65731
b131d6cd-2f31-44f7-b69b-02095a34535e,Briana,Murray,1937-10-04,M,Hispanic,33790
4df16820-10ae-4aa2-8b38-636d9aa44beb,Michael,Nolan,1960-09-22,Other,Hispanic,61482
1d96f210-2987-477b-9192-4459301bf118,Megan,Moore,1998-04-06,F,Black,58399
844c29c0-ec4c-4e52-aadc-b1525f2fbc91,Victoria,Evans,1932-02-05,Other,Asian,56116
591b3810-8f0d-4e76-884d-9da1e3e8f768,Joyce,Turner,1929-02-24,F,Hispanic,50923
4ce86d6b-4bba-49df-8dae-cadddefd0e24,Ashley,James,1947-07-24,Other,Other,47550
c1c69fac-07df-4cc0-a971-d0f0084de3d2,Wendy,Phillips,1977-07-22,F,Black,86776
0db5e5e7-ece8-4598-9b1d-4cf99eaf4cd8,Adam,Grimes,2010-03-01,F,Hispanic,98106
5e18e79b-7a8b-48a5-b086-76fda50496a9,Susan,Mcgee,1981-12-16,F,Other,38013
7f80ed49-97ae-4b47-9a5b-0ecd396a8581,Crystal,Pham,1957-09-17,F,White,29206
9d91c944-11ea-448f-a87d-014824328169,Lisa,Byrd,1937-01-08,F,Black,94994
8c3c2d00-6472-448f-8a85-f0aee55fdde5,Melanie,Taylor,1938-03-26,M,Asian,13236
ee4cd582-7085-4f22-941d-9ad80b603213,Maria,Parker,1979-05-11,F,Asian,58280
2d02baae-2b6f-4982-9f0f-65e28b65e7cb,Jacob,Anderson,1976-02-22,Other,White,39181
15b31b8b-f9fc-4fd0-b4e8-e54a21713797,Jason,Gonzalez,1933-01-06,M,White,71202
d68fa034-dba5-49ef-8ef2-cfb28d0ec76e,Holly,Shaw,1982-05-29,Other,Hispanic,36221
9128558f-f145-4074-8716-2fca6e1ca2ce,Dawn,Summers,1938-01-18,Other,Black,63657
03653074-54a5-4088-b4cd-ce0eb78fb401,Elizabeth,Harrell,1940-04-15,Other,Hispanic,15596
b356c5dd-07e2-4ddc-ad1f-2dd5edf0abd4,Bernard,Webster,1945-04-19,M,White,30072
3ca3d575-0209-406b-a337-f8b272be4225,Misty,Whitney,1972-12-01,M,Hispanic,73549
8db7c029-bb6a-4e08-b96d-ec3eddb5f48d,Richard,Smith,1982-01-21,F,Other,70830
e423dce5-7273-47f9-afeb-aef472256f9c,Jacob,Curry,1959-07-02,F,Other,34863
62e01572-3c0d-48a0-9186-a71834c2810c,Samantha,Bentley,1930-06-14,F,Hispanic,14702
6ee510e3-1a6f-42a5-a667-cdf6d9439de1,Kaitlyn,Harvey,1926-12-16,F,Asian,74085
98545964-d74b-40e1-80e7-1afd3deabad7,Leonard,Holland,1944-04-19,F,Asian,83784
fba314f9-29d2-454a-8b08-f2a68c1ca5b9,Susan,Turner,1980-08-09,M,White,54017
3a2dedac-a033-4c2d-90c8-7b103acfa021,Andrew,Johnson,1991-02-27,F,White,65070
2000531a-5ef0-4705-8dbf-c43163d65138,David,Medina,1929-07-25,Other,Black,51441
449e09b7-b7a1-4a4a-99c2-c0ea2055ae27,Michael,Paul,1991-05-07,M,Hispanic,71305
dee8bfd0-c5c0-434b-81d0-5fafb0d0d3a3,Patrick,Moore,1976-02-07,Other,Other,54880
91cdd774-9f29-47fc-a524-596a79995f7d,Sandra,Gilbert,1931-07-31,Other,Asian,37167
d55c4bdc-6097-47e0-85ec-7e02f5710219,Jacob,Ramos,2007-09-04,M,Asian,31448
12f0d57c-6a7e-4dc2-8849-bff6712edcad,Ariana,Jennings,1984-11-23,F,Black,71865
b7270e77-338a-4fa8-85f4-bc9f07318e4d,Maria,Brown,1971-06-24,M,Other,36661
1cd1788c-2a29-43af-bd6f-cc1e4e199132,Bryan,Charles,2003-01-01,F,White,60101
0a25baea-7e39-429a-9eca-146947795e3f,Daniel,Fowler,2015-12-06,Other,Asian,03300
70c84d99-785e-4ac5-8bee-d3f35d5516ad,Gavin,Zhang,2003-01-21,Other,Hispanic,74501
be3eb0a2-c637-4f1b-9b5d-9612e1ace567,Ronald,Spencer,2007-04-22,M,Other,77359
fc0bd10d-c3de-4e2a-9bd4-6edf826449c2,Sergio,Murphy,1974-09-11,F,Hispanic,19841
92dcca30-18a7-4b56-a2da-bbf537c4e97e,Linda,Ramirez,1946-09-06,F,Black,19465
da036ce0-e65f-48d5-8c37-b4f50cb40e84,Ms.,Rodriguez,2016-06-29,F,Hispanic,03880
cf760966-9d15-4c7d-bda8-427941035ab3,Hunter,Kramer,2005-03-30,M,Hispanic,77683
a0315a8f-edee-4aa8-b65a-6b194eb015b3,Christopher,Williams,1937-06-24,M,Other,97719
f53275e8-0cb7-494b-863a-66ed9159b107,Brian,Brown,2016-02-04,M,Black,59257
7d707c8a-094b-478f-802f-b483c8d00a1b,Kayla,Rodriguez,1971-03-13,M,Black,66540
a9ae649e-8a45-40df-9c4c-9fba9ca407dc,Luis,Acosta,2004-06-17,Other,Hispanic,86864
253ab195-64e5-4346-8179-42a49963b4c7,Judith,Maynard,1985-03-21,Other,Hispanic,08473
d539fcf0-4c67-4fe0-a45b-9001b77c96a5,Dr.,DDS,1944-11-17,F,Asian,58639
cb2feb1d-2bba-4919-b57f-4424ecfd9779,Bobby,Franklin,1948-10-08,F,Other,09110
a01c9b00-3416-400b-a0f5-cb4f8731d379,Marcus,Richards,2014-11-27,Other,White,93844
ec22170a-faee-4981-9445-64c7d8a8ec12,Zachary,Schmidt,1988-06-06,Other,Black,59970
bfc75f6f-36a6-4135-90c2-f1a03a38381b,Jessica,Mcguire,1978-03-25,Other,White,15497
c4653891-0063-4c05-9bd6-4d011c416352,Marilyn,Mack,1997-07-14,M,Black,94982
b7c3feaa-b4c7-4fcb-84bc-580a13c8a996,Jessica,Beasley,1926-09-02,M,Black,54740
00a34175-9f63-4084-8cd2-b99d080c4054,Jesse,Perry,2025-03-26,F,Hispanic,12964
7600ff46-02e1-4c82-83d7-3173daf45f67,Erik,Scott,1941-05-25,F,White,20507
72a6e5fd-3390-48f1-bfa0-06d45eed71e4,Kara,Davis,1984-03-06,F,Asian,11689
6bbba9dd-fb89-4a5d-9dd1-0336123f0b62,Brent,Rodgers,1944-03-31,M,Black,17555
e422f026-943e-4949-90f8-e09613468814,Laurie,Hoffman,1978-03-31,Other,Other,43708
cedcfb9c-3cb4-443e-90cd-f86520a023a8,Jennifer,Russo,1990-03-21,F,White,98842
9b206c80-c74b-437f-abc1-58a61099ed9d,Thomas,Williams,1928-01-02,M,Black,38201
b33c976a-252c-47ca-9b43-dae772d721b4,Heather,Lane,1978-01-19,M,White,28385
70f3cf6e-76fd-4082-82b5-532cff628628,John,Boone,2015-01-05,M,Asian,46391
9fb9a1cb-1da5-4952-98cb-971ceb7e5485,Holly,Farmer,1973-12-05,F,White,75749
38b17964-6f08-4695-aea4-0beec947005f,Jeffrey,Hoffman,1941-08-13,Other,Asian,81991
fb97817b-6282-42c7-a132-80f482781e8b,Maria,Johnson,1953-06-29,F,Other,86724
2a2b4cca-dac6-487e-9214-bea9340221e1,Debra,White,1928-10-28,F,Hispanic,92605
bcd3ed57-fe0c-419e-b506-0fc54ba08256,Tammy,Bell,2011-04-13,Other,White,24278
a15a158f-db9d-495b-b750-a979cf45a8c2,Kylie,Morales,1948-03-12,Other,Asian,19096
c07885a6-1a9c-411b-851d-5ec7030e9c23,Valerie,Davis,1980-10-15,M,White,70032
08b14edb-14af-4736-b023-9f24ac516ac5,Jason,Peterson,1984-08-21,Other,Other,49004
56bcc311-5be6-498d-af28-fb369e23a97b,Frederick,Pugh,2021-12-28,Other,Asian,78649
32a89b04-0d55-4a94-aeb7-e7f0bc46ec8a,Anthony,Moore,2018-06-30,M,Hispanic,81482
ccf98ded-d67c-4425-a77d-63cab1b8f33d,Brad,Ramos,1932-08-06,Other,Hispanic,56077
e5db34e0-ece6-47a1-b2f8-ff538e2e97dd,Mr.,Fischer,1975-10-21,M,Other,15419
d7f9dde7-c62a-4335-8857-1de05b834a5c,Brian,Gregory,1947-07-03,Other,Hispanic,78244
294e39a1-b2f9-4d80-a5d2-368bac32a293,Mr.,Foster,2009-05-05,F,Asian,79055
cc2a4b74-e3ff-4ce5-b286-ae0a3d1c8251,Dan,Dougherty,1952-06-11,F,Asian,18488
b6686ded-dc0b-4580-8cd8-36b3a86d9544,Donna,Wilson,2006-12-11,M,Asian,65694
ecbb4b24-12c9-4a61-9c1a-09017daad651,Casey,James,1951-11-08,Other,Hispanic,92732
efa8912f-01dd-4a32-89af-15015924d8ff,Justin,Barnett,1973-12-31,Other,Hispanic,46922
c2da8bcc-f45d-41c1-beeb-5e7a72d9c500,Scott,Williams,1927-01-04,M,Hispanic,02957
3c15f245-7be4-45c7-a323-16a929adfdfb,Blake,Edwards,2009-11-29,F,Asian,56768
7193c820-57af-45de-b0c4-f579a6f38551,Michelle,Butler,1967-09-16,M,Hispanic,15597
9671090b-50d3-48b9-bcd6-6b2c799b810e,Vincent,Jackson,1933-05-19,M,Other,81519
4c8b7427-8dc6-49e9-adb7-0654aaa94a3d,Michael,Cox,1942-10-27,F,White,57741
896a4282-2173-41de-a5de-3617f3788787,Dana,Chapman,1992-01-21,Other,Asian,69177
ef76de92-1133-46f5-82f7-4404d68e97e3,Seth,Reese,1936-04-08,Other,Hispanic,29542
049b1cca-ac11-4c16-a792-4926b277385d,Christopher,Dixon,2016-06-14,M,Asian,15446
7544892b-38d8-472b-9aac-9d82d7a911fd,Cheyenne,Parsons,1927-03-03,M,Asian,46520
23871c92-94f2-4669-ac71-e9a379d693b8,Sabrina,Briggs,1947-02-07,Other,Hispanic,31469
1ea168bf-38d9-40c7-b433-1bf8cab1029b,David,Thompson,2003-12-05,M,Other,20537
81c6bf60-e01a-4f3d-93d1-29a7c34361f7,Mary,Thompson,1982-10-11,Other,Black,82807
cad0699e-1673-42aa-91d8-43acd51ebf45,Paul,MD,1969-12-15,Other,White,74490
60dc9c39-b7a8-471d-92dc-2d16354fc7ef,Victoria,Morris,1926-08-16,F,White,82711
35de48ea-4ad5-4274-8064-ef5fbd1b39ed,Jeremiah,Harrison,1985-05-25,M,Hispanic,83257
d227a804-2bf1-4ee1-b133-ed8ef6972231,Donald,Brown,2004-08-20,Other,Black,66998
090e43c6-5ec4-432b-bbc9-867f4c44f437,Joel,Johnson,1936-04-16,Other,Asian,48832
2c695896-1286-4933-afe7-3d1db0841716,Angela,Lin,1934-05-29,Other,Asian,12336
0362c68c-c7dc-4796-9659-f6776a24a5af,Katie,Ford,1951-03-01,F,Hispanic,73156
d5d1a31a-c4ca-4cee-a5b5-2a6abeceef31,Nancy,Williams,1981-12-24,F,Other,75429
0de04e92-c7cc-4e6c-b513-80b401ba5e68,Erica,Alvarez,1999-10-05,F,Black,20274
4fcabe9a-e4f2-4cb7-9bef-5756e444bf24,Joanna,Shepherd,1934-07-09,Other,Black,45516
2d643956-7a34-4c75-86af-e31b18e7c909,Mrs.,Williams,2013-03-09,F,Hispanic,93250
621d3d56-a0b0-41a5-ac01-2d3eb3313ab4,Jeffrey,Mills,1964-09-23,Other,Asian,21308
a7476fdc-c037-4b59-b3cf-5d3dae4bcc1d,Thomas,Hughes,2025-04-02,F,Asian,44851
8d376398-f9a3-43e9-ba7c-c30d9e71a6a2,Amy,Mccoy,1937-11-09,M,Hispanic,44364
c734c89b-6c01-4bf1-8333-f96c3a52aaf8,Brandon,Gregory,1929-01-28,F,Asian,37744
3c100363-95bc-473d-93e7-52de0373e983,Samuel,Brandt,1966-01-24,Other,Other,79498
5a370872-7f85-4dc3-a415-bab5c301306e,Felicia,Aguilar,1958-01-12,F,Asian,19038
28de2e77-dd93-4400-b45d-2c7c61b770e0,Emily,Douglas,1991-11-12,Other,Black,87288
415f50d7-3144-425c-aef1-3f7d814a3747,Kurt,Hurley,1956-12-30,M,Hispanic,41078
12f36fbd-2126-443f-9e34-d6bc0767ff2f,Maria,Murphy,2017-11-18,F,Hispanic,17251
9298e984-d294-40fd-bece-0c7f28745dc1,Sandra,Rodgers,1957-04-23,F,Black,90339
d7858849-1920-45f7-834d-8000f4f4a7ba,Anna,Santiago,1936-11-02,M,Black,67149
2b398fb0-34f4-4ceb-ae0e-0e2610c4175d,Jack,White,1935-08-03,Other,Asian,28575
759be718-e26b-4ff5-94ea-803531ea95c9,Ralph,Lee,2007-09-15,F,White,18531
607c643b-f002-427c-998f-8fe254f6d8de,Edward,French,1931-05-06,F,White,67044
c0b9c970-3cab-4533-b403-a1d1588335ea,Sandy,Stephenson,1999-11-06,F,Black,05448
71896ae2-9e55-4c55-b340-55baaa2a625e,Sherri,Williamson,2012-04-15,F,Asian,78783
7558caf5-2328-49cc-95ea-866c41b05ee2,Christopher,Guerra,1964-12-19,Other,Hispanic,82386
88d609a7-57ff-47ff-b629-b89eace74717,Carol,Kim,2011-04-21,F,Other,54353
3e6ed03b-2d8d-42ee-a959-2bab55470ae6,Nathan,Montes,1957-07-12,F,Hispanic,80532
c3d78a73-d79b-4f77-8669-6b15299cf38b,Paul,Cole,1928-08-21,M,Other,70494
95598da9-b788-49ab-b241-4291928c6406,Vincent,Mueller,2013-06-08,M,Asian,25931
c57eb031-d0f6-412d-8724-a99b3bdca5c4,Travis,Joyce,1984-11-23,Other,White,61014
573d29ac-e8bc-4414-b642-f842f9b8d3f4,Paula,Shaw,1947-11-06,M,White,55375
a2840b46-5425-4ec9-b395-20d9c0ec5aff,Ruth,Solis,1946-02-08,M,Asian,18641
eabf770d-fa1e-417c-8f5f-a136d0eb8012,Amy,Castillo,2020-07-08,M,Asian,49156
7ec3d66a-d0da-4040-b132-e4a48198c501,Ashley,Singleton,2015-08-24,F,Asian,16842
eb17fd54-a2ca-4745-9f63-0a25562daebc,Phillip,Nelson,1958-06-16,F,Black,67787
1d060b34-4503-4f2c-9764-59e0454b21af,Jeffrey,Potts,1981-11-24,Other,Hispanic,29603
822383c2-c763-44a6-ab82-a8bdf408c376,Stacey,Arias,1993-05-28,M,Black,54882
2301c9dd-bf7a-415c-91ef-f5506498689f,Jonathan,Young,2011-07-18,Other,Hispanic,11197
54762c37-091c-400f-88e0-be5194bb2943,Alfred,Galvan,1982-07-02,F,Other,94178
e732a621-a6a7-4fe7-8895-4cb1d7affb05,Raven,Taylor,2000-01-13,M,Hispanic,38102
a40b5479-ab82-4fa0-b15e-8290ff4d37e4,Kaitlyn,Guerra,1980-02-22,F,Asian,92977
4a46f961-8d96-485d-9af7-02ecaed91825,Luis,Bullock,2024-01-11,F,Asian,02991
01ebc3ba-f94e-4b22-8454-767b1f9ca52e,Ruben,Dunn,1927-08-22,M,White,95821
11c90589-71da-45e7-a0f4-51f60a4b09db,Jenny,Parsons,1946-06-15,F,Other,31648
8e7be8a1-0e7f-4f75-910a-01cc1eabf88c,Anthony,Barnes,1972-01-14,Other,Hispanic,82134
a2388399-34ef-4df4-ba09-b51b3021ee41,Brian,Stein,1980-11-02,F,Asian,78716
1d1c315f-26c9-4f41-a7a2-41606bf44ef3,Lynn,Andrews,1989-12-20,F,Hispanic,94682
f5196327-606f-42a0-a7ce-db2c411aaacf,Jeffrey,Mendez,2006-07-30,M,Hispanic,32032
a03c4329-d63c-4fc2-9041-dc49bc21dbc2,Chelsea,Barnett,1961-04-22,Other,Asian,69115
0913becf-3e45-4657-95d8-d11dffa534b6,Andrea,Fox,1972-09-27,M,Hispanic,66997
337f5f72-9e4f-498e-9808-cf44a9b59b6a,Katie,Smith,1976-06-18,M,Other,62122
e956180c-1476-46ab-9e14-fcb109f0048c,James,Brooks,2016-11-29,Other,Hispanic,98453
95399579-680e-422a-a7c1-e6e0490b5e3f,Richard,Cooper,1974-05-12,M,Other,96569
bf3ef961-e9cd-44db-b7be-55d7a1e63150,Ashley,Perkins,1962-07-01,M,Black,99680
31d48993-26dc-40a8-acbe-b5b134dfe395,Andrew,Payne,1980-09-28,Other,Black,84753
547dd5b9-0d53-4493-9ef5-c5e80d9159f2,Richard,Marshall,2008-04-12,Other,White,91647
fbbbb9e1-ca42-4d90-9104-e3393a704bc6,Clarence,Taylor,1970-04-13,F,White,94354
95627db3-6b6f-44ea-95f2-ef99ee82a108,Judith,Carter,1960-03-31,Other,Black,06242
1ca0b1a5-e711-474e-9b60-099cae8e0b14,Stacey,Stewart,2009-07-17,F,Asian,41143
99e49fbd-e37b-4914-8c32-8c7c6d31de81,Virginia,Daniels,1951-02-28,M,Black,33703
5f6f807b-575f-469e-969e-7df87f866131,Matthew,Mitchell,2001-12-31,Other,Asian,06766
bb81985b-e8b7-4418-8120-fba2bdb2af33,Evelyn,Martinez,1930-06-19,Other,Asian,48738
16b89a16-dbc6-4e17-92c3-7494368ba35b,James,Gonzales,1996-03-10,F,Hispanic,51179
489c8567-52ee-4926-a8f2-138b168b1b31,Cody,Holt,1972-10-03,Other,Asian,48649
77bf2135-9b27-43ce-bd79-6852983118a8,Kelly,Owen,2005-01-18,F,White,95801
a0ecc668-b12d-48b5-b007-d2ff99240e46,Jeffrey,Carney,2000-06-16,M,Hispanic,24153
dda6c7ed-b212-4fd4-91f6-a25b3194677c,Erica,Miller,1960-01-31,M,Hispanic,87129
5e68e3ca-0cf0-45a7-a6df-e85b53276855,Jeremy,Robbins,2023-03-20,F,Other,22343
01e2ef42-544b-4f7f-8173-471ccec9f386,Heather,Williams,2003-07-16,F,Asian,46711
db00c3fd-66e3-4fbf-a133-31ebde85d5b3,Jessica,Fowler,1978-09-03,Other,Hispanic,08019
3de67540-5416-4bcb-aff5-73ef2c17a97c,Mark,Cox,1959-01-23,M,Black,98791
e47f326c-0de2-476b-8fb0-8158b9c58d3b,Tiffany,Thomas,1941-02-12,M,Other,80136
af5a8607-ba8d-4ec1-bb6f-eb1e56b47632,Jessica,Martinez,1966-11-10,Other,Black,31433
8583a1af-2514-4ac6-8590-663e3ad27d40,Holly,Reyes,2014-05-16,Other,Hispanic,74850
d6c3a9e8-e772-481d-ba38-284ced5fa3a4,Christian,Cole,1971-06-29,Other,Hispanic,49124
9261bd4a-0f13-4914-9eca-a708dbc4de08,Phillip,Berry,2004-10-11,M,White,69898
9448fabc-df11-45d8-81e3-6c0b68cf6993,Ernest,Ramirez,2019-01-14,F,Hispanic,15370
b5d8a9b1-f44e-4151-ab85-27fa1a770d03,Cody,Holmes,2004-11-16,M,Black,74120
33ba9caf-1c4e-4d93-a879-691adf5c989f,Reginald,Padilla,1929-04-06,M,Hispanic,28625
efe577f5-d8d4-40a9-8336-4c0e7c807291,Donna,DDS,1944-04-26,F,Other,16575
f88c9e71-320b-476a-a6ca-13bdb57bd9f7,Benjamin,Thompson,1950-07-06,Other,Black,94003
51530f8b-d063-41a5-a6bf-1533258668ac,Brandon,Fleming,1951-04-10,Other,White,42390
2ca9c858-1da8-4fe9-a254-259b56617414,Michelle,Pierce,1937-11-29,Other,Hispanic,38559
b973ee82-6ba8-4091-86c8-caad99095c71,Sarah,Joseph,1975-07-09,M,Asian,92280
49ed7b7b-8b6e-4b36-84ac-002594842ae0,Rebecca,Hicks,1986-09-24,F,Hispanic,16408
768a9948-257b-4ba6-a60a-b96306ba126d,Dr.,Snyder,1983-05-08,F,White,47804
b380c3e2-a8bc-4a64-9d5e-89a71d9134d7,Jackie,Lara,1959-10-21,Other,Asian,72806
fe0dd0c5-8832-4153-8548-007ca2ff1de3,Stephen,Jones,2014-11-06,F,Asian,52688
cedbc85e-22dd-41b0-af63-2b51c73b9564,Dr.,DVM,1991-08-28,M,Hispanic,10167
e949336d-2664-4d42-b5bf-cb595a72b42d,Evan,Jones,2009-04-07,Other,Black,61558
83c4917e-3760-4cba-81eb-a7be77c813f3,Haley,Humphrey,2021-11-18,M,Asian,72761
5041f65b-b59b-4c0f-ba45-28e80ac82714,Catherine,Burch,1982-01-04,M,Other,57205
12a958fa-2527-4f56-984d-e47e3e876f8e,Sheena,Guerra,1988-11-22,M,Other,68409
a4075701-93dc-47a2-85e2-ecf4e5fbd723,Christopher,Morris,1988-07-17,Other,Black,93474
0f6bcf3d-da65-4b35-8daf-0d6718566244,Travis,Stone,1983-11-28,F,Black,37731
0e2df65c-96db-41a5-b5bf-2d4e976d0c6f,Danielle,Reid,2025-03-16,F,Black,72700
735957c6-a4fc-4f8f-a687-f8f8ab5f26e2,Mario,Mendez,2002-05-22,Other,Asian,12746
5bd92094-3440-4dcd-b21c-7426a14f1b4e,Caroline,David,1994-05-28,M,White,20711
595ecc55-7db8-4273-a6b3-23986827189d,Marcus,Winters,2002-01-24,M,Asian,44753
a0b7bdd3-99f3-4fff-80a1-03c0a14672c3,Kristy,Bryan,1983-01-08,Other,Asian,04219
95e1ec14-667c-4093-9c66-c51dbb3e7e15,Travis,Wise,2022-11-18,M,Asian,35189
bb2b65dd-912b-4078-b8fa-035aa218a909,Pamela,Butler,2016-04-23,M,Hispanic,84254
9f13f423-e3be-46a7-8b1f-698d1679fd5c,Stephen,Gardner,1931-04-27,M,White,84637
c88b60b8-5a26-4d53-921e-0d5f0373af2c,Karen,Ballard,1940-04-05,F,Asian,90284
9e50405b-c1e5-492e-a6ff-6565ee5ef4b4,Jesse,Barker,1933-08-16,Other,White,21220
380f1cad-e347-4dce-9fd3-a9f8618025a9,John,Harris,1944-08-11,Other,Black,80017
e00b4fd6-b750-471f-93e8-74a409c345e9,Scott,Flores,2017-12-07,Other,Other,45769
c7806814-f27d-4114-acd6-7e1649f1ea6b,Bianca,Wood,1971-08-05,F,White,74117
e860514f-2286-4865-b14f-11ecaa5c3ec9,David,Martinez,2014-10-19,F,Hispanic,59430
15523825-8b9c-404d-a83e-e5ee9252f508,Brent,Roberts,1949-03-24,Other,White,50852
3489bd50-3b9c-4e20-9452-319384ad4239,Jennifer,Estes,1937-09-29,Other,Hispanic,21433
aef213f1-5a1f-49d1-bb4c-8ebed90228cc,Taylor,Griffith,2012-07-11,M,Asian,25382
9d62f72a-9559-42c3-8962-2d86a9d484b8,Kathleen,Robertson,1999-02-05,M,Black,65874
79f9d387-ccb5-43b2-8b6a-2cab1695688d,Kathleen,Davis,1976-05-14,Other,Other,52044
4031f69a-70d4-41ff-8e3c-66f5092dc567,Tracy,Lewis,1927-04-28,Other,Asian,46755
741633aa-362f-4ab6-9466-90079891e06f,Douglas,Harper,1957-05-15,Other,Other,86256
5653aab3-1543-4791-a72c-44b8a651c3de,Donna,Smith,1972-10-19,F,Other,14590
9313ee3a-6f3a-4845-9e1a-01fac838bc56,Stephen,Luna,1948-07-10,M,White,53356
bd9c1fcb-6a77-4bc7-88f5-e88f73ef25fa,James,Hudson,1926-10-15,Other,Black,26014
95e807fc-a990-4be4-8e3c-d2405ad5ba6a,Dylan,Hughes,1948-07-18,F,Black,59529
ce923335-1019-4eb0-ba7e-fd26d5efcf0d,Diana,Hays,1951-06-19,F,Hispanic,89682
e0bfece7-ab63-42f8-aa1e-f8b91d2a3fa5,Betty,Davis,1954-03-03,F,White,49416
dc510036-8d71-4980-8347-e269f7f3ca0b,Gina,Mcmillan,1969-08-19,F,Asian,99455
ca079281-3c4f-4889-bcc9-295a4098a6d0,Lance,Morales,1979-12-24,F,Black,05777
8f81156c-1943-43e3-a5ed-8ea656efb590,Chad,Cook,1940-08-13,M,White,62595
bb4dc591-daa5-46b6-b296-74d1ee95b4d9,Brittany,Barry,2010-05-25,M,Hispanic,18822
16d93d13-363b-43d1-a7b7-d59d1efcf6bd,Louis,Martin,2008-05-21,Other,Asian,81306
b6f83900-cd36-4250-96b1-2b245248965f,Elizabeth,Rogers,2002-05-14,Other,White,67310
89181b7c-db4b-4dc0-9f4a-e7d678beeb15,Michelle,Evans,1966-07-26,Other,White,02681
8e945359-400a-4367-9f72-a595f3b599f8,Michael,Whitney,1952-01-02,F,Hispanic,77008
92e0a381-b40e-438d-a7c5-00eed8bef859,Steven,Wiggins,2016-06-25,F,Other,82979
12cca8d1-2679-40cc-829e-b515170727d1,John,Coffey,1969-08-26,F,White,76322
6a20bba0-0bcd-47fd-80c7-5c5dbcc0cba5,Mikayla,Silva,1934-09-02,M,Black,22850
4490c6bc-b080-4b58-811b-25eef3bdf719,Michelle,Hampton,1939-03-13,M,White,50333
d2fae2a1-6482-4451-8fe1-6807e7fa2bde,Michael,Johnson,1962-11-22,Other,Asian,92319
941e6cb1-f9ed-43c4-9160-28a44f2d7508,Albert,Edwards,2005-02-05,F,Other,20349
749d0cbb-1b23-47ba-b26f-3bfa16e6a334,Damon,Shaw,1985-02-18,F,Other,80648
3aa13905-88ef-402e-99d1-cc661125348b,Shelley,Fitzgerald,1925-10-26,M,Other,08664
782c7f70-6f17-4e33-b22f-0bf4dbd8a33d,Kelly,Hoffman,1977-09-22,M,Black,87300
46439284-8541-4284-a132-ec70d2820d6e,James,Frye,1976-09-05,Other,Asian,60750
c6526693-37f0-443d-a1bc-b62f57253950,Gloria,Gomez,1964-09-27,F,White,94994
a6a2358f-19d3-4751-9d8f-1a56fd9f0fa1,Regina,Baker,1993-03-01,M,Other,63963
0a3c0cca-943b-41be-b815-dba0212a940d,David,Grant,1953-10-20,M,Black,29974
6f3dc689-748b-4025-b7be-07b89e2db5d6,Vickie,Wise,2020-03-18,M,Other,92893
737c18ed-2eaa-48f9-965b-83bba8d9a238,Michael,Stewart,1987-02-11,F,Hispanic,46219
a52d2d8d-1604-42cc-b281-e3e4bc3f7068,Taylor,Griffith,1944-04-25,F,Black,38222
a94ba664-1584-4e27-9bd8-27466963fe7e,Michael,James,1959-04-26,F,Asian,52213
48361709-84e4-4648-88fd-d489644cfb03,Tina,Ballard,2010-06-21,M,Black,38571
7914e41e-1c7e-45ea-a7c2-fe21a901dc27,Tyler,Miller,1997-06-20,Other,White,58484
f9ffc902-eb74-480f-b7d2-2b23fd70aeff,Nicole,Lewis,2011-01-28,F,Hispanic,71093
14da6456-4bf3-40c0-b2bd-cc75097f6818,Justin,Nelson,1949-08-19,F,Other,14817
341ff756-7cd5-4772-aacd-1d24f7a1a839,Laurie,Sanchez,1946-05-26,F,Asian,88297
e11ee052-c465-4eab-89a9-9d542b16c182,Courtney,Hall,1987-01-13,Other,White,13634
ec992cea-4b88-4bd4-b07b-25d9ffba0c41,Mitchell,Garcia,1963-10-12,F,White,18519
859b3ca4-8565-4394-81f4-b11857130355,Joshua,Hickman,1974-11-22,Other,Other,53835
2d08a90b-8b15-4a03-8be2-c9d4cb6ac8c7,Shirley,Alvarez,1938-05-26,Other,Asian,85768
0aee5873-041e-4ce0-ad99-7437fcc5612a,Victor,Morris,2017-07-25,M,Hispanic,85160
b95edb52-bf34-456a-918d-474395f29343,Randy,Pearson,2015-11-19,M,Black,30938
716761d3-1c1b-4db2-8cc7-fb0d91fad38e,Miranda,Zuniga,1971-08-19,M,Black,23447
2be828cb-f154-4f47-9fd4-507765c38174,Ryan,Peck,1979-11-13,F,Asian,05264
f2a56572-0553-4705-b379-b301666e4cdb,Jennifer,DVM,2004-03-08,M,Hispanic,38442
82bbba94-e991-4d27-8cf8-c6ec073809fa,Alexandra,Bradley,1948-06-10,M,Black,14565
176b750b-a6b1-4538-9d4e-e084682e918e,Frances,Gibson,1957-06-29,Other,Black,84559
95cbe75c-2c42-45aa-94c6-1bf1ed13724a,Kathleen,Mays,1935-12-14,Other,Asian,66589
0b86f098-1baa-4b03-a291-fb569c466def,Corey,Rodriguez,2012-10-12,F,White,21799
36b5cee5-8e1d-4901-8db8-758c3250b0dc,Mariah,Higgins,1947-06-11,M,Hispanic,02347
9dc8b292-bddc-40c1-b800-1bf9ae6504d0,Rachel,Bradley,2011-09-29,F,Other,99759
e42ae778-2121-4353-8c1c-3bd8d5b3ff2b,Levi,Fowler,1948-09-08,Other,Hispanic,53649
9cac24b5-61e3-4aa9-9158-ec67680f480d,Kaylee,Miller,1950-10-08,F,White,88221
600a952d-bcf3-4cac-98bd-fd2b0588a689,William,Woods,1953-01-14,M,Asian,33013
aaffd0b0-6f27-4420-892f-aaef543298c1,James,Griffin,1994-11-16,Other,Hispanic,35496
79c97590-7de1-473d-996f-90599626675b,Elizabeth,Sharp,1960-10-14,M,Hispanic,01999
00c48864-4bae-4a9b-9e1f-7b98474a0e16,Ian,Young,2006-09-20,M,Hispanic,88029
eec440cf-1820-42f9-8068-b4a736dfce0a,Eric,Sullivan,1953-11-11,Other,White,66367
024b68be-8c5a-4ec0-8710-9e094b4b4a8c,Stacy,Carrillo,1954-09-14,F,Asian,90978
f71c329b-6fba-420e-beef-e70477702ecd,Thomas,Phillips,1985-12-16,F,Black,81061
c69f29ab-9c41-49dd-a998-6359b2845fd6,Tyler,Mendoza,2012-01-04,Other,White,60135
dbbdc9e3-9983-4705-906e-0d74612af6da,Lisa,Perry,1930-07-05,Other,Black,72490
d6a4cc52-99b4-4136-835a-13e46c01f403,Nicole,Pham,1963-01-10,F,Black,29128
ea07750c-bce2-4994-810e-b2ca57d3cc4f,Melanie,Larson,1983-04-27,M,Black,11231
a0a7f7e1-dfc4-417d-814f-6612afd3010f,Kelsey,Cox,1979-10-14,M,Black,74447
aa145a3c-a0e1-4163-840c-f0387d25167d,Ronald,Leach,1998-04-14,Other,White,26998
6a261437-558b-43f1-8800-fbae394b1979,Brittany,Murphy,1993-12-05,Other,Hispanic,68703
3ab7a347-76bc-41ca-a2e0-74f88a15df10,Michael,Love,1942-06-20,Other,Other,64572
36d821bf-5895-42a5-a62e-08839ac0845a,Jordan,Stokes,1945-03-02,Other,Other,59933
f894f032-b77a-4148-8dbc-883cb630d9cd,Jason,Elliott,1967-09-21,Other,Asian,73743
86076888-9e20-451a-8162-934ab906f278,Robert,Cummings,1998-08-17,F,White,52398
0190f0f0-ab38-4413-9b29-6521ae21bf78,Aaron,Robinson,1941-07-29,F,Asian,10073
08fdf474-eb74-44cb-8bb2-057e4db36d7b,Gregory,Brown,1976-06-05,Other,White,08398
715d34a1-b478-4c9a-a194-510faf763325,Andrea,Peck,1962-07-26,Other,White,04660
82a387ba-b397-4b42-88c6-848baa38a260,Christopher,Taylor,1970-01-07,F,Hispanic,84586
354fc99a-8a37-4479-bd17-d81d386f8c73,Maria,Fisher,2018-12-19,M,Asian,50633
2a46028c-1e46-4c1e-ac9a-da655504a2a7,Thomas,Bennett,1974-03-16,M,White,11019
25aebc48-ef05-4752-b7ee-98e59d36d3e3,Mary,Ryan,1934-09-24,F,Hispanic,86161
8f3b6291-7d57-4034-bac4-8f3b5ff6962f,Barbara,Haney,1926-04-03,Other,White,52019
968b1a66-8631-4fb2-9075-1c74f9265e58,Monica,Walker,1945-01-07,Other,Black,00956
280b087d-7f6e-40c8-873d-8fd681f62c5a,Veronica,Ford,1968-01-09,Other,Hispanic,94754
8b94f1fc-222b-478d-bf34-d720f8b27262,Kim,Morrow,1935-10-03,M,White,32942
db38162d-ce3e-48db-ae2a-a0863557cdf7,Christopher,Lopez,1944-11-16,M,Asian,95531
506654a3-8d90-4f03-8174-fa52705a1ead,Amanda,Keller,2010-08-01,Other,Black,81100
47f2a21b-50a8-4853-9b60-32d83fd2ff4d,Stacey,Smith,2018-09-09,M,Hispanic,27512
8f6c561c-4342-4a0c-8003-9a948a91933a,Kirk,Griffin,1946-11-14,Other,Other,88584
1bf140d8-9803-45a4-9d30-2c53fbe5fbe0,Amber,Yang,1997-03-25,F,Asian,53226
a6005b47-83f6-4fe2-bf37-780c453c205a,Joshua,Webster,1974-12-15,F,Hispanic,07899
cfa3adac-3db0-41e9-8f07-e198bce3fb2e,Wyatt,Young,1964-12-31,Other,Other,96382
dc7ef45c-7352-4f3c-a2eb-898e4082c4da,Laura,Barton,2016-04-26,Other,Asian,42531
afe056f1-4656-4a73-9cb4-3e800f0a7972,Shawn,Odom,2013-11-20,F,White,68822
74be7bf8-3aa7-4952-9b5f-2b513b193cf2,Eric,Brown,1956-05-09,F,Asian,78051
c9c843fc-7faa-4fcd-ab5b-54b3184998b2,Susan,Garrett,1998-09-25,F,White,56495
a98f7f02-8a0d-43e1-a5f5-aae0e2155b9e,Amber,Cooper,2000-05-03,F,Asian,84821
068e8591-4272-41e5-830e-0f9b1dc5d548,Rachel,Flores,1955-05-21,M,Other,55069
0dc54eb9-2d55-49fd-8f84-7675ecb0c3ad,Elijah,White,2010-07-06,F,Other,71008
50a8e0fd-d395-4b6f-b2f5-3d474cff03da,Samuel,Turner,1958-02-15,Other,Asian,93244
14ec5bee-0b71-4060-9488-8a13724cd9ff,Joel,Brown,2002-10-13,Other,Other,54591
256250fc-7e5c-453e-a645-1b40c03120a8,Kristin,Anderson,2008-12-11,Other,Hispanic,32332
4fa59162-3a0b-4fe0-b07f-e50d64783a1e,Gary,Miller,1934-06-23,F,White,59455
1b810ff8-35f6-44f6-a44c-aa4e9388a726,Anna,Hardy,1960-08-26,F,Black,25467
eba573f8-3360-49f2-9510-4aff9bfb0f87,James,Jacobs,1987-04-13,F,Hispanic,05684
8237a312-d016-4c58-b73a-2cdda2edcc18,Chelsea,Gill,1991-04-06,M,Black,95437
78b5e763-e5c9-45bd-b658-4d2a5ca21485,Claire,Clark,1997-11-29,M,Asian,44143
ed608021-8e84-4670-ae0f-015234a64c02,Terry,Lewis,2007-07-26,Other,Other,25407
ef661cd2-2c41-4d43-bf22-2d70650c96ec,Autumn,Key,1931-03-29,M,Asian,63274
a417799d-540e-40bd-921c-ad4edccfc560,Melissa,Padilla,2002-03-14,Other,Hispanic,52488
00ba3cf6-078e-4660-af5a-1104fb63efce,Kristen,Rowe,1998-01-13,M,Black,50395
1911aed3-50e2-4b54-a73c-73b292adcc37,Matthew,Parker,1996-01-05,Other,Hispanic,47640
a6f0a58d-b5c6-4807-84d7-3a9f15da9c24,Kathleen,Garcia,2017-11-15,F,Asian,95189
b887432d-1289-44d4-91bb-264013c0f2b3,Ryan,Rocha,1983-02-04,F,Other,49090
85ffe333-f980-4579-b4d2-5222f22279d7,Angel,Shields,1974-08-03,Other,Hispanic,97658
59bf4e8b-bd36-46a3-a710-1aff5d0b6f68,Dean,Donovan,1983-09-23,Other,Black,76410
f63cbc23-9404-4359-b44c-288a062caa3f,Elizabeth,Gonzalez,1970-03-09,F,Black,30650
f7391ec7-34a9-462a-9e23-549551b7dbca,Roy,Porter,1959-09-18,Other,Other,86301
c8762ad1-b0bd-468c-8b4e-774b86d37142,Gail,Hines,1946-08-29,F,Asian,64545
06f8887b-a9c3-4220-8311-72e74c492353,Maria,Henry,1957-03-12,Other,Other,22551
9e33c32b-5bc1-468a-8e2a-bdeefdfd5db4,Heather,Taylor,1950-08-05,M,Black,72137
c9eeadef-64a1-4808-a8de-881acc9a3a14,Thomas,DDS,2000-11-17,F,White,08199
bf8fbdff-f769-4e30-8c11-44c90de85b83,Sara,Jones,1939-06-26,F,Other,88085
c4d018e1-d316-476f-8827-4fb506edc531,Aaron,Taylor,2007-04-22,Other,Other,83168
000b410c-7d9a-49b4-9425-c8858cd7cb8a,Michael,Smith,2003-05-06,F,White,66788
e9e066e8-554b-48a1-879d-0625c45145f8,Antonio,Little,1996-12-12,F,Hispanic,81309
72fe0e8e-607e-444f-b2d7-3818e1318560,Mary,Smith,1933-08-08,M,Hispanic,70259
a1901e4e-de91-4289-9638-37087179ab04,Alexandra,Moreno,2009-04-04,M,Hispanic,36511
1e8e8adc-39df-4855-8e05-d5b3ebc2017a,Donna,Shaw,1962-12-27,M,Hispanic,91970
6d97adef-4ed5-407e-bd76-72605ba5b26a,Renee,Browning,2016-02-27,F,Other,14527
dbc17d9e-c566-4594-b4a3-aaf0b9866e3b,Kelly,Allen,1958-08-13,M,Hispanic,81736
bfa409ca-f162-4454-9782-f57fd1f6bd56,Robin,Adams,2011-01-26,F,Black,52523
ab737efa-5084-44b5-a2ed-74233c48660c,Tyler,Stevens,2020-08-27,F,White,32378
6544169c-7ec3-41cf-992f-1db93af01b33,Courtney,DVM,1965-07-21,M,Black,86187
71761c1f-084f-4d50-ab37-a587c9ce5aaa,Marie,MD,2018-11-03,F,Hispanic,49937
6fe3222e-ca6a-4100-8a27-1170739f29b7,Amy,Smith,2000-10-23,Other,Hispanic,22964
b730b977-2363-41a6-8d6b-d6b8d6afe3c2,Ryan,Newman,1945-03-22,Other,White,43921
28524135-f91d-4f94-b49a-440e41907257,Shannon,Davis,2011-07-01,M,Asian,69727
68ca2675-8464-4559-b69e-9396792e58d3,Crystal,Valenzuela,1987-01-07,M,Other,91240
99d7af23-292c-4ae3-912b-c1605c633966,Karen,Williams,1931-01-06,F,White,10245
2d03f1e4-26f5-45e7-af9c-3341ed397822,Diana,Daniels,1974-01-07,M,Asian,86760
6eb04cc5-3b9c-4a58-b3c9-bb298fd241ee,Timothy,Edwards,2003-11-07,M,Black,27653
231152fb-3e03-46ce-8b84-e0f748e72892,Nicole,Marquez,1950-05-21,Other,Other,52706
eb3749d0-cbaf-4786-9b47-919dba54278a,Elizabeth,Elliott,1943-09-11,M,White,74778
32a6d615-d190-4258-9feb-a1d038df674e,Jasmine,Mosley,1936-01-12,Other,Other,43981
1edb504e-fa5d-42a8-b95d-dbff6cc7c4c2,Patrick,Gibbs,2022-10-06,Other,Other,90850
207e3a2d-eae7-49e4-ad69-3cb87fc4fecc,Kathryn,Mccann,1982-04-21,Other,Black,07539
3e1ecb68-c9d5-4025-8cb6-702dd567c54f,David,Jones,1973-06-14,F,White,79821
22c40a86-d41f-480e-8b99-da912d721468,Tina,Sanders,1962-05-29,M,Other,43279
01eb2992-8995-4234-b14a-17e65a7e6eb8,Donald,Riddle,1950-12-20,M,White,64805
7f85ebc9-72ac-4a30-b3c6-0c5744416595,Juan,Bennett,1931-10-14,F,White,24846
2774b6f5-e7a9-447f-915c-027d3764f108,Mary,Miller,1931-04-29,Other,Other,81584
b50d40e2-d95f-42dd-9eec-5349c13e0265,David,Jones,1934-08-19,Other,White,35624
8e78fb5e-d64d-404d-9184-351823ed07e6,Michael,Walters,1955-08-28,F,White,97449
089692f0-3e07-406d-a8f3-b4dbbb2f0eb1,Isaac,Davis,1956-04-18,F,Asian,40906
78194018-f4e6-48c4-99dc-860353797b8f,Philip,Garcia,2022-10-19,F,White,11943
1bff074d-abe3-493f-8a1d-d833686bc0df,Jerry,Peters,1963-11-06,M,White,53984
dbf100dd-448b-487e-9fd0-daa50122cf24,Brandon,Spencer,1966-01-19,M,White,78741
d06bab6b-1a74-454d-a067-e530483b994f,Erika,Cruz,1962-07-02,Other,Asian,38754
9f488747-ecd1-4c23-9388-4ecc63d0c802,Richard,Hardy,1994-04-19,Other,Hispanic,73840
9f68e7b2-d8ee-4966-bb82-2fefb4f89c26,Vanessa,Armstrong,1939-11-07,Other,Black,22728
a8a6f767-5549-4ef0-b2ad-1007201218b9,Caroline,Adams,2001-07-08,M,Hispanic,35681
1d314f26-134c-4e66-b3d7-92aef43b13e9,Arthur,MD,2019-01-29,F,Black,63970
17b16b05-8177-4878-8137-1b295007e92d,Heather,Raymond,2017-11-08,M,White,94990
49862e4f-af7b-4293-9a8f-a5ca3589575f,Linda,Gonzalez,1969-02-01,F,Other,14522
74d5d358-f076-40fa-9e5e-19c5575f7257,Adam,Foster,1954-04-05,Other,Hispanic,81790
61e1ea58-4795-4c9b-b495-bf1463a912c5,Scott,Alexander,1980-04-05,M,Black,56942
b0d75a19-7c0d-43d7-8247-553c67de611b,Shannon,Mccann,1974-05-18,F,White,18343
3b482855-b735-4e18-8d1c-0efa65373e7f,Larry,Dominguez,1966-02-26,F,White,63285
2e600b8d-ecf3-4df2-afa7-758d4d8b87e3,Vincent,Novak,1959-09-06,F,Hispanic,38701
22c87bd7-223e-4c53-b2cb-ae7bc08093b6,Mackenzie,Faulkner,1946-10-24,F,Asian,32276
32289d3e-6f2b-42a9-a80f-f60a29b69080,Douglas,Hartman,1992-03-11,F,Hispanic,48344
bd025dae-f324-475e-9418-85482dae25c0,Justin,Vargas,1959-10-20,Other,Asian,72017
3b8bcaeb-5cbf-4f21-8b7c-f5b776b00d1d,Randall,Johnson,2010-11-21,Other,Hispanic,95818
e42a99a6-6213-4178-aad3-f217c4597b72,Michael,Gonzales,2011-07-21,F,Other,38686
49f077df-a914-4988-897e-967ffbdb31c3,Andrea,Abbott,1993-05-02,Other,Asian,54128
9777b609-e4aa-498b-afd0-0e094c85b426,Brenda,Turner,1968-01-30,M,White,33620
4533d3ab-d7ae-444e-b2aa-0b1393aa4aa8,Michelle,Mccormick,1966-11-16,Other,Asian,10195
c3c27798-5608-4852-b295-2e5562aa1dc5,Kyle,Aguilar,1970-09-20,F,Other,70541
02dca251-6e7a-48da-b655-d6bb1848431b,Tami,Holt,1949-04-04,M,Hispanic,71757
5fd4e819-045c-4a85-b537-a6adaa84a156,Warren,Miles,1962-08-21,F,White,70874
33d2a10d-4817-4338-9672-c1bf83d44054,Suzanne,Rodriguez,1962-06-15,Other,Hispanic,33037
df878418-4912-42fd-a740-b2c0fc9b9c95,Heather,Holland,1976-06-13,Other,White,06307
21c7d585-97eb-416d-a157-edeb6b9b0ce1,Maria,Lucas,2012-04-01,Other,Hispanic,99156
d09b6ea1-a351-49ff-881d-69bc454a787f,Robert,Rodriguez,1960-07-11,Other,Black,13425
1a4543c4-f46b-4b99-b7bb-e5711dddb504,Jorge,Stone,2020-02-16,M,Other,76590
ab039530-2263-4842-adc9-4b96801d9ab8,Connie,Brooks,1947-02-03,M,Black,61195
7285e429-ea9b-4f07-981a-a952dc7175e6,Leah,Mason,2013-08-25,M,Asian,45716
8a73f489-b613-4be9-9b9e-277647818892,Mrs.,MD,1960-09-25,F,Other,96203
8cd31f55-7533-4017-bb0c-61eb1ee25ec4,Eric,Gibson,2019-11-26,Other,Black,27615
323e870e-d86d-43fd-86ca-f9c86366a228,Hannah,Davis,1944-12-25,F,Asian,95134
313806a1-3e45-426d-bf0d-3e22ac80273a,Emma,Evans,1946-01-21,M,Other,93664
9d60b5b8-e037-4ad4-9a9a-065a84d59c35,Samuel,Wong,2001-01-03,Other,Asian,89255
e72b54dd-06cf-405a-b235-7e7eaf5d02f0,Tara,Yang,1954-04-18,F,Asian,68133
b3e904c2-fb46-4d0d-838a-584cb1a472bd,Christopher,Castro,1980-12-04,M,White,61063
5d7f7718-8639-4cf5-98bc-690697294829,Jared,Lopez,1992-05-01,F,Other,84449
b5ad45cf-4c66-4be3-b354-ce109d6bb77f,Jennifer,Mclaughlin,1956-04-11,Other,White,26364
8176a1dd-1194-4f12-87a9-7628ff90922c,Jeffrey,Smith,1978-09-29,F,Hispanic,28654
dd0f5c7a-e24f-4fe9-94f7-3fdf643a0272,Paul,Stokes,1987-03-19,Other,Asian,08701
1fe6ad3a-f381-47b6-ad1a-16ac3d955eab,Rebecca,Herrera,1937-07-30,M,White,48446
15bccf59-6cd0-4035-98b6-837864bebf57,Jim,Baker,2001-05-11,M,Hispanic,64658
3761a5c2-1c2b-4d7e-b101-fd8f6bb46caf,Margaret,Harper,1994-09-25,Other,Hispanic,80626
a8cc11be-25b4-458c-a94e-01db29a3291a,Brian,Bell,2009-12-17,Other,Asian,60513
9fe21c16-f172-4cf5-b253-110505eb4a16,Robin,Mccarthy,1963-05-18,Other,White,39487
54c7f133-1500-412b-b0a2-da58c53b9f6a,Leslie,Powers,1927-01-11,Other,Asian,41550
f4f00110-b3cc-4768-9dbd-07670a2e6039,Eric,White,1971-11-23,M,Black,91391
68d83cd5-2ed3-468d-a838-cc8557e4b239,James,Carlson,1960-11-07,Other,Black,75841
9e6dbb9b-701a-4071-a524-e609f97dcb82,Cody,Reid,2003-12-09,M,Black,91390
1fecfabb-d699-4481-a735-4887d5173f30,Tara,Thompson,1983-03-28,F,White,22372
7686da3d-535b-470a-9ef0-41f1bba5635f,Charles,MD,1960-12-16,Other,Other,07527
7312bba9-7117-46f5-9317-2a7625a9129a,Tiffany,Washington,1959-07-10,F,Other,26076
0cea7ff7-af97-464f-9de3-5869d33911d7,Tracey,Wagner,2002-06-06,Other,White,65377
31d3a7e6-e0b0-49e5-89c7-4d71139ab1f0,John,Mckinney,2013-12-01,F,Hispanic,58677
ac38cbfe-c7e5-49c9-a307-376f86b7a681,Bradley,DDS,1939-10-30,Other,Hispanic,38785
a5ba4612-7f96-49f9-bb46-6ea2ada04786,Danny,Roberts,1952-04-01,Other,White,60443
c0719f70-6dae-475a-a468-1937251de7ab,Patricia,Simpson,2003-03-24,F,White,67453
3c27954a-fef6-498d-b769-ec6845491fbd,Brian,Hampton,1944-12-22,F,Other,48586
840ac9c7-0008-4d0a-8b39-24b8f83893c3,Nicole,Wolf,1963-11-24,M,Other,58351
7b3d06cc-db68-419f-916e-1e0091af2bce,Wanda,Garcia,1993-01-23,M,Hispanic,86179
329ae8f4-247a-4897-931c-bb15849a9154,Elizabeth,Kidd,1935-06-27,M,White,59448
dd20046f-8339-472e-916c-47a4112d7c22,Scott,Miller,1932-10-01,M,Asian,15887
5d2fe0fe-3647-4f75-be68-032738f41c09,Cynthia,Cochran,1996-03-03,M,Asian,77561
e9990e4a-167a-4b54-a442-3d86754916ee,Shannon,Bishop,1985-04-04,F,Other,56621
77899f57-9188-4f6e-848e-4e7905a750ad,Charles,Clark,1974-09-30,M,Asian,27625
ce0cc66b-616f-4ac3-b35e-17a4eb480e36,Laura,Patel,1990-06-29,Other,Other,78732
459ff22d-17f9-4e88-be60-34659f89c0ce,Erica,Padilla,1976-06-20,M,Asian,38424
963259e1-4981-4539-ba3b-164de7dab5eb,Tiffany,Robertson,1929-12-28,M,Other,89538
7dfe8069-7559-483f-807c-9cd8ab2a574e,Brandy,Brady,1995-06-16,Other,Other,54449
814bd3c6-e6ad-4439-a3d2-eaecc99f036c,Wendy,Camacho,1998-01-17,M,Other,17132
b78f7b2c-e36b-4b5e-84f3-c651e7d55921,Brandi,Thomas,1965-02-18,Other,White,42718
ef046231-06cb-45bc-9303-2852e598e0e3,Pam,Lowe,2020-08-15,M,White,64655
83f40ca9-95ad-4f6e-9ff1-a7612da65ae2,Mark,Burton,1978-03-24,Other,Black,49675
5fe4ce4a-0bb2-4c4f-a664-9e501807117b,Mark,Beard,1950-12-19,Other,White,12703
b97399bb-8bab-44c1-862c-683d1dd22bc5,Paul,Neal,1936-05-08,Other,Other,48875
7e25d5d3-b7de-4fb7-9d90-f82d20673b12,John,Perkins,1973-09-27,Other,Asian,96540
f6f53b6f-75df-44fe-a977-ed5cd89aca63,William,Reid,1939-01-22,M,Hispanic,91896
fb32357f-cab0-4f84-bc00-796bdce9e708,Arthur,Ferguson,1972-05-06,F,White,29052
3010eb78-d406-4ef6-b92b-1f2a67fbca0a,Samantha,Simpson,2014-12-18,M,Hispanic,42819
e3499106-ce26-41ec-8b0b-12515b900e9d,Gail,Lane,1951-02-20,F,Hispanic,74706
33aef435-6251-4bdb-9eb6-6d7b48c8b8d0,Rachel,Shannon,1989-02-08,F,Other,06846
9f8a497a-7c44-41e6-b7ce-16364bd0d6cd,Mark,Copeland,1999-12-08,F,Asian,02635
2fd00f31-1f90-4bb5-85b4-87b87252c081,Scott,Alexander,1963-09-29,F,Black,00589
7dae057e-6c21-42c2-939f-e49e9b729f2d,Jessica,DVM,1959-03-25,Other,Other,85697
9e1581d1-3605-4b53-ac9d-2a1711bdd38f,Shannon,Mcdowell,2006-08-30,F,Black,12735
7a12ccaf-c706-453b-96ab-2502592fe9c0,Danielle,Watson,1942-01-06,M,Asian,85555
7f821ee7-79ac-4893-89a0-c91fa8ce6e2a,James,Torres,1945-01-16,M,Black,92178
135d611b-7448-4561-9c0e-145dd54c0995,Jessica,Davis,2008-05-05,M,Asian,12976
da5456d5-5d4c-4660-a400-2f506789b2ff,John,Anderson,1956-10-14,Other,Hispanic,30148
6d2d5f57-d680-401c-bb04-6637db7ff6b6,Jill,Smith,1981-03-02,M,Asian,45533
e71d3a4e-e905-4660-a2b4-fd618dba722a,Virginia,Henderson,1969-08-08,M,Black,17825
9ce87013-a76b-4304-ab20-b575c5b982ca,Darryl,Davis,1936-04-23,Other,Hispanic,13926
0c409baa-a466-4cdd-b1f7-6fcb39b2852d,Jacob,Evans,1936-03-22,F,Hispanic,50665
f6e8560c-c95a-4cd3-b564-0194b5f61042,Nicole,Anderson,2021-07-22,M,Hispanic,89254
2d4ceb39-4f70-4cf7-9d1b-2342e237c9fa,Joseph,Smith,1935-01-09,F,Black,85700
877a6c9b-ba3d-4c9e-b947-cb01d14abe3a,Gregory,Lewis,1987-02-10,Other,Asian,98578
a47c4e62-b03d-4f6f-a642-c9c968e556df,Jason,Parks,2016-12-25,M,Asian,28975
9048e4e8-deec-4ecc-a647-ebe466600eb5,Brian,Goodwin,1936-11-30,Other,Hispanic,77777
566c54f4-0ac1-4f89-99a8-9097bd56f9c1,Heather,Jordan,1974-06-11,Other,White,18828
b876589f-1ff5-466a-9552-cf5014bed18c,Matthew,Wright,2006-06-05,F,Black,79275
fdb572fd-441b-455e-923c-9253a1ee45df,Lisa,Maxwell,1978-04-05,Other,Asian,91003
3aa637ab-8d4d-46f6-bb8f-fe3fe5c41da8,Ryan,Liu,1953-05-11,F,White,27429
677a46e0-8a3e-4df1-999e-8a39041f509b,Katrina,Adkins,1953-11-02,M,Other,39238
d5d3e42c-90ee-4b70-a6ef-6c3a1ac16846,Rachel,Leon,1990-10-15,F,Other,31871
fba31654-0a02-42a5-b519-b133f3bbd1c9,Brian,MD,1973-12-06,M,Hispanic,69744
9806757b-2261-46c5-bc0f-321b2dfb2721,Alexandria,Ward,1935-03-28,F,Other,41981
90ad6a65-9997-4763-a754-5d4ba0b500fe,Scott,Carroll,1975-07-11,Other,Other,48396
85c0337f-032c-4562-bf4d-9b88589414df,Carrie,Ruiz,2004-05-24,M,White,10068
4e1bc370-3aa2-4378-8408-f309e4cbba2c,Austin,Baker,1955-01-14,F,Asian,05721
43b8815a-23df-4bc1-976b-d86a1d7fdb38,Tiffany,Sanders,1960-02-11,M,Black,38051
92af3142-b225-4b3c-befc-114b1c85cbcd,Kathryn,Perry,1934-05-13,F,Other,92488
6f0c1d61-2940-4b2a-a446-f1e51e6478c7,Martin,Medina,2018-06-28,M,White,20513
74a3beb8-f5a8-4fe3-aae9-321ed10b2817,Eric,Dixon,2001-02-15,Other,Asian,27134
9497171d-62be-4720-b276-1fe20d36c69b,Brittney,Murphy,1940-09-16,Other,Hispanic,77366
2f3d4ca2-dc0f-4608-984e-4d6cb26107db,Sandra,Becker,1998-12-28,Other,Other,09166
5bb5d69b-248c-4465-b2c8-2f2740a3faaa,Jeffrey,Ashley,2000-08-19,F,Other,31779
98fa821e-53f0-4eb4-962e-a15878fd267c,Brandon,Hamilton,1968-07-23,M,Hispanic,59925
d9fa30dc-a80e-4383-b294-6b7dc5bae9fc,Amy,Wade,1972-01-09,Other,Asian,86753
771a8b86-9594-4d3c-9e7b-2fa975e6b5cc,Barbara,Zimmerman,1934-09-08,Other,Other,92447
b7ad0795-51d2-4cc1-afcf-d177edd44e04,Jon,Reed,1937-10-27,Other,Other,68294
49548a44-8d21-464f-bced-8a3c697c10ee,Michelle,Jackson,1971-12-03,F,White,17138
ec268f5e-45ca-45e0-8191-d9b31a08e029,Shelley,Quinn,1959-08-15,F,White,15974
5bd65964-b1a3-4c50-814f-a22cefcedf74,Alyssa,Roman,1950-12-22,Other,Asian,36150
2f4d4ab1-b9b8-470e-b776-13619a0221a3,Deborah,Proctor,2020-12-06,Other,Hispanic,82752
a52b65ba-a877-4b2f-965b-bb9c667294e0,Jesse,Ward,1978-01-26,Other,Other,65985
3a950715-9c1c-4127-93c7-f204af0bb033,Carol,Moore,1984-11-19,Other,White,13988
bb4dbf3c-f145-4c0e-b7b2-35ef2abf47a6,Megan,Wilson,1939-07-05,M,Other,97596
8d601e73-ecb3-488f-bc3e-1bd0f297d267,Amanda,Roy,1957-06-30,M,Black,32554
645350e1-7f3a-412d-b98e-59867fd86159,Jack,Mora,2020-01-18,Other,White,23957
70b42fb3-6af9-48ac-8dfd-f23f649dff44,Shannon,Tran,1991-06-25,M,Hispanic,94089
c60cc713-da41-4df8-804e-a23ae7df1124,Jennifer,Morris,1969-06-05,F,Black,55060
263cb19f-7ad7-4a41-a7d0-5b870b244377,Erica,Mckenzie,1951-08-14,Other,Black,75413
c4da2ff8-0e1b-4fbc-9412-2477d74fe854,Jonathan,Winters,1952-01-30,Other,Other,24008
e17c6b1a-96df-4662-9a2e-a5f3ae0ce96a,Jose,Williams,1941-02-03,Other,White,53051
c6657be6-60ff-4f83-a235-0906a7ea9eff,John,Campbell,2000-12-08,Other,Black,41224
1c50f847-1bfc-4425-81bb-e54fc23a53bf,Juan,Smith,1967-05-23,Other,Hispanic,26803
79f7a051-0286-42f3-ab0f-bebe0373277d,Richard,Stevenson,1931-06-06,F,Asian,32296
73cbefc3-6ad8-4d21-a4b8-0c144f0fb5cc,Kevin,Snyder,1994-08-22,F,Other,26115
384c7a7e-4627-4e92-a8ec-88c09605372e,Kimberly,Flynn,1964-04-16,Other,Asian,20236
7ce68ee0-28e0-4534-b48e-41e8ec9e264a,Jason,Hall,1978-04-12,Other,Hispanic,45907
1b0c1b08-72df-443d-9af2-98f90013fbe3,Melissa,Smith,1991-03-20,M,Asian,44412
447d4ba6-fcb3-4e57-8aaf-cfed05122704,Matthew,Sweeney,1972-02-26,M,Asian,95818
944d7504-247a-41c5-b549-17ed9a016adf,Daniel,Bird,1973-11-09,Other,Black,55527
8c44ad93-a1ed-4af8-b46f-5f0f8ac26bbd,Anthony,DDS,1937-12-21,F,Hispanic,12694
463750a1-3177-43e3-ac6d-26fcdad83cae,David,Bruce,1963-02-16,Other,Asian,54641
4af2417a-37b9-49aa-baed-d1c8bde9a62c,Jacqueline,Villegas,1974-01-28,M,Other,11629
fbd4cb96-7c90-4e3c-aa00-007698488980,Kathy,Walsh,1928-04-01,F,Hispanic,52189
d681e598-2823-42d4-8456-c22a8337b73b,Keith,Graham,1963-10-15,M,Asian,17633
6ccb4621-30db-4564-928f-06a91abe3926,Dean,Edwards,2018-03-02,F,White,52006
839b8e67-664f-4888-b6a9-b35ad3d0587d,Nancy,Stewart,1963-07-26,F,Asian,36146
aff15ec8-6e10-40b7-89a4-05500ccf242d,Tony,Taylor,1939-10-03,M,Black,77139
6a8a64f3-d6f7-4c19-8c49-4dfb9d0dbf1b,Brian,Cole,1929-01-28,F,Other,41661
6b408736-9097-4ff3-b1f5-26dcf257cd02,Joshua,Oconnell,1976-12-23,M,White,27716
8fb56f59-73a9-4c2a-91b5-a50623693099,John,Phelps,1982-10-12,M,White,12352
dce1b4c9-d908-4f5e-ae05-7fdd14ba2ac4,Michael,Mckenzie,1930-06-06,M,Black,91842
db135455-f27a-4c1f-b286-174503a4ec03,Cindy,Gates,2016-04-17,M,Hispanic,19942
2f3c772f-7ab7-44b2-9485-33ca0292025b,David,Kelly,1966-06-13,Other,Hispanic,67801
5c310ae9-1e6c-4374-b5e2-82a37cfbd014,Edwin,Wilkins,2007-09-03,Other,Black,23290
93802a40-0bfc-479e-a6e2-9a9633a41652,Jared,Chavez,2024-10-13,Other,Black,98553
1ccac167-4d0f-4b76-85ea-4c19e7adeff1,Anna,Garcia,1952-09-13,Other,Hispanic,18823
a3f2d9a7-1389-47ad-a9c8-d3bf5d865719,Antonio,Norman,1940-01-17,Other,Black,29636
05d37aac-809b-45d1-a3e6-462c33706c94,Rodney,Watson,1974-03-05,F,Asian,83115
35314123-8ff0-43d0-945e-828de3c04f83,Angela,Willis,2015-02-05,M,Other,10329
f13c01b3-7b05-4e32-aafb-a11f8e439b92,Austin,Orr,1984-01-18,Other,White,58622
b091f071-e830-46ed-8b0e-c3f931723147,Anna,Boone,1994-04-20,F,Black,43957
49273f13-ed1a-451d-99c0-3f2e02cf46e1,Tom,Williams,2019-03-12,F,Hispanic,75721
06dfd51c-b2d5-4743-94d7-ccaac6af12ad,Nathaniel,Crawford,1992-04-13,Other,Asian,50666
e4da720b-4e0f-4fc5-8dc7-1d584b8f962d,Carrie,Lewis,2018-12-28,M,Asian,25031
42689858-f1ca-4a61-b320-998871361bf2,Jeremy,Hernandez,2006-06-17,F,Asian,80993
fa2c08c3-f6fb-4944-b44e-1bb5de27800a,Danielle,Phillips,1944-03-10,Other,Other,54501
f5d6ec8d-75a2-494b-bf10-449041d43db2,Karen,Miller,1931-08-21,F,Black,50703
5f6d2b21-82aa-4fff-8696-a76a41993b8c,Curtis,Wilkerson,1935-03-30,F,Asian,69420
ddea6296-0348-44a0-bbe1-999ddd918198,Zachary,Stephens,1991-02-12,M,Asian,03060
c484bd01-d695-45ff-af85-86cfb72e3891,Rachael,DDS,1996-07-22,Other,Hispanic,64028
9d008143-447f-401a-a3e2-401f4175d556,Keith,Morris,1979-07-21,Other,Black,35947
4369144a-9cad-421e-9d3a-7eb18d84ba16,Francis,Robinson,2023-03-09,Other,Asian,37323
3fb9e6bf-c9e6-401a-bc84-cecf934f8387,William,Moreno,1972-10-11,Other,Black,77045
68bebd43-6986-42af-a5fa-a86d5bc31e77,Dr.,MD,1994-03-23,Other,Hispanic,97108
0187ab5d-f6a9-4e93-a809-ac4590fd6d4e,Zachary,Robinson,1948-12-21,Other,Asian,51412
cbf17cb9-e42d-4bfe-940c-35437e490b00,Ryan,Bruce,2010-02-24,F,White,23582
0cb1ee7a-89e3-40a1-adc2-87e9e2ab89d3,Evan,Rojas,1992-07-23,M,Hispanic,47527
67edb0a1-2599-4bcd-bc80-c3561a476b44,Alyssa,Haynes,1967-08-26,M,White,74904
92e20089-e37a-47e2-a106-1ba24460fa27,Kristine,Lopez,1978-12-03,F,Black,65018
81c39540-46de-4221-bf0c-1344ec9c5baf,Casey,Johnson,1945-07-22,F,Asian,07863
3168fa23-15f6-4570-9f2b-ba83f624d4b3,Daniel,Fox,1971-07-15,Other,Other,00590
a6bb537c-63af-4be5-88d5-4db257a3ec3a,Lucas,Drake,2023-08-30,F,Asian,45164
83e09cd4-5649-4939-91cb-01b39f3703e2,Tamara,Richard,1983-04-25,M,White,42914
0300452c-b4b4-4ba9-8374-95b5fd1f9cf3,Charles,Bush,1942-03-17,F,Black,19067
8fa9b9bc-06e1-4d00-ac87-7462afb6a494,Sarah,Valencia,1952-12-20,Other,Other,10007
3a1247b5-3fc5-44f6-adab-b558783f0c1a,Tom,Foster,1969-11-30,Other,White,13743
3f00fba4-e75c-4d28-bf5c-aa2a856c5559,Frank,Daugherty,1972-10-10,F,Other,96491
cf0a492a-6939-47bf-b5a9-56494c68362e,Rebecca,Yu,1986-02-01,M,Black,85590
960a9f71-c7c4-48f7-805d-a5416acfe040,Michael,Hoffman,1939-11-30,M,Hispanic,80941
b4b9f726-0420-4c46-adbe-02f0bc9a1689,Courtney,Chapman,1958-09-04,F,Other,23484
478c24ef-8d1a-48db-ac28-81873b12df41,Nicholas,Phillips,1941-03-26,Other,Black,23793
63c1b018-012c-4010-87ef-b370ab649e11,Tiffany,Fry,1981-04-24,Other,Other,51828
00a570a5-8ea8-46ac-8856-164c38aea79c,Patricia,Bradley,2011-01-09,Other,Hispanic,24366
4394260c-850a-4192-a65e-653f5df9cc4b,Tammy,Ponce,1930-12-11,Other,Asian,29454
ebea4e90-42ae-49c7-bb85-ed6e668426b1,Ashley,Crawford,2011-09-13,Other,White,43907
e7a18528-ed3b-4fcd-9b6e-a7a07faea1f1,Cynthia,Haas,2014-08-19,Other,Other,22506
0fba0c81-2806-4b94-9f72-4148b56b8e36,Tracey,Underwood,1989-06-10,Other,Other,88322
34bec65f-a8b6-4400-9a33-feb1144bbb04,Stacie,Griffin,1998-10-29,M,Asian,35262
758b23af-630f-412c-ad25-b3f6c48f12a5,Michael,Bell,1932-05-07,F,White,14661
a94ed8a9-6995-4e33-b090-2785b8cda570,Amber,Kim,1988-11-09,Other,Other,55505
6e033fbc-19c1-48d5-913e-c6373c3b9b16,Stacey,Snyder,1938-01-02,M,Other,50139
177d1ee1-90b6-4a66-86cf-611b807a3640,James,Poole,1945-10-12,M,Hispanic,76267
d145a47e-11b2-46da-9b91-811f36ed9799,Melissa,Martin,2002-01-14,Other,Hispanic,10162
5d343410-c40b-4c04-83f8-384187c30ca3,Amanda,Smith,1943-10-02,Other,White,34727
793ee0dd-4b90-47eb-900e-8d31b03d81b9,Angela,Jackson,1942-10-01,Other,Asian,49713
2f9936a7-bfa6-4c08-8f7e-d9095e5ee281,Benjamin,Mcmahon,2021-10-22,F,Asian,12704
30d68753-8bdb-4513-83a5-3f3164d70d9b,William,Barry,2025-03-04,Other,Black,92841
108f1b88-c735-487d-8efc-a9e69c0607f4,Tommy,Martin,2012-08-10,M,Hispanic,57412
e8dd9e79-6431-4e50-a0e8-5a9c99a828b7,Brian,Harris,1963-11-23,Other,White,25402
ed97be19-aeb4-406b-ad7c-2f29bbae2453,Julian,Frost,1928-08-12,M,White,71296
36bbd656-f6e6-4dfc-b589-1ccfefbf51ad,Douglas,Young,1941-01-04,M,Asian,07006
0745349a-f017-4976-b19b-c1ba37a0de2c,Joshua,Henry,1952-05-08,M,Black,07645
b808825b-e6e7-44f6-aed7-062e19382a25,Jeffrey,Phillips,1950-04-16,F,Hispanic,87273
431892de-8d5e-4757-b92c-2e48aeea45a3,Karen,Davis,1945-03-26,F,Hispanic,27626
5c3aa2dd-5ad3-4a68-bc3f-f1252a2ad542,Edgar,Miller,2011-04-25,Other,Other,15640
056bdccd-7e23-4a67-b3eb-5e0c354c6a74,James,Burns,2001-11-07,Other,Asian,87144
8ef5cd7d-823f-48da-b905-143ee361d8a9,Martin,Hughes,2004-06-05,M,Other,49131
b106f4e1-b05e-4e12-af47-57175ae4021c,Jaclyn,Griffin,1955-03-10,Other,Black,35011
708de479-13c1-4ae0-af58-aea1ef6478e8,Dennis,Hood,1985-10-03,M,White,74457
5964a8bc-8e1a-4cb1-a0b6-9439d9442e14,Paul,Contreras,1972-03-06,F,Other,11734
910727f4-4483-48de-8274-98e46932bdcb,Rhonda,Gutierrez,1949-08-12,Other,Hispanic,99651
0711e7c1-9596-4424-a4b9-6b27af02ed2e,Kristen,Randall,1984-07-03,M,Hispanic,68996
c035b259-3b15-40ff-80e4-9756df50ada5,Joseph,Camacho,1963-08-09,M,Asian,62737
6f3a1f41-16ee-4125-bede-3527c9fbfc45,Cynthia,Evans,1991-11-23,Other,White,52248
9bae894d-ddc3-48f2-967b-f717a482fc95,Michelle,Shaw,2019-12-07,Other,Hispanic,68241
21b66935-6c6c-42c5-9f16-661f44f269e8,Megan,Oliver,2022-11-27,M,Black,16266
7a7e3def-e161-4333-b689-e59389d57f05,Joann,Rush,2013-08-22,M,Other,22411
e5f7ed08-7597-4ade-a0cd-82a9435e24be,Rhonda,Martinez,2019-09-09,F,Other,55993
e1ebfa3e-0930-4334-b274-f5cbf7484381,Michael,Harris,2016-12-23,M,White,82712
55250ca2-019e-4a52-99a4-468303f82836,Kurt,Flores,1953-07-15,F,Black,95803
ca948e82-4654-4e4e-a7a2-8f4833570a1a,Andrea,Hughes,1928-11-12,M,White,52583
d6b78ab5-e371-4c27-8326-f809bd1cf0bb,Shannon,Stone,2000-07-27,Other,Asian,02121
ca211879-d8ad-4dcc-b084-bf96678eb592,Lisa,Mills,1983-09-12,Other,Other,55498
3f3633a5-9d57-462e-88e2-5a981aed135c,Chase,Knight,1968-06-29,Other,Other,76873
642ed67f-cad6-4e43-94b3-b7a644569922,Teresa,Buckley,1968-03-05,M,Asian,74253
76997d4b-0d2f-4ad2-95a9-3694cee5a56c,Rachel,Dillon,2000-01-04,Other,Other,45572
5e35082f-1921-42c3-a795-a468af79ff15,Deborah,Pena,1986-01-19,F,Asian,75477
18e03d92-9c33-43ad-b92d-142971128aa6,Amanda,Hill,1976-05-05,M,Other,19356
cb5f699c-b652-4e0d-8018-7315b4eb8ff1,Melanie,Morales,1994-04-16,Other,Hispanic,52378
b05352f6-8787-4f8f-b2ab-9e063962b674,Erin,Young,1925-12-23,F,White,98247
125faec0-7a7e-4161-bb56-babe37c3ebe7,Derrick,Watson,1963-12-01,Other,Hispanic,44785
c3937653-5c3a-493a-a476-570b9fbaa52b,Elizabeth,Ramirez,1931-08-11,F,Hispanic,64938
5a74f6f8-2781-407f-a2bc-eea96201fde4,Melinda,Compton,1952-06-17,M,Asian,30379
6f83a129-5b32-4e66-8473-89eae6256533,William,Ramos,1958-03-02,M,Other,42557
575f1959-eea2-4763-ad96-df65f237a715,Jason,Brewer,1940-10-01,M,Black,25134
1f7abf50-a77e-4b99-8fe9-cfde976839d0,Thomas,Russell,1971-10-02,Other,Black,64000
4f2c6234-2f94-42f8-8a55-97e63cf73cc7,Sharon,Nicholson,1942-08-20,M,Other,68038
d0c59d7e-55b0-4ed7-bf5d-bf8a0717a322,Ana,Mckinney,1951-09-01,F,Other,53373
a6fdff7b-e1da-4daa-ba98-deb2075857ca,Samuel,Suarez,1930-08-14,M,Hispanic,04295
6eb3ad95-5b3e-40bd-86bd-587013f7c2cc,Shaun,Gonzalez,1982-02-20,F,Black,08054
bb392ac0-fd41-45a5-9be5-77c8b8e11dcd,Jesus,Hull,1966-06-15,Other,White,92858
e4e12d3d-43c9-494f-93fe-9590eab12e2c,Jacob,Marshall,1945-01-03,F,White,52529
d4ae8038-80e1-4fe0-a25d-9d5c20f4634a,Becky,Johnson,1929-08-09,Other,Black,49320
b25fe5ee-d7de-4039-a65e-d2c023fe64bd,Jeremy,MD,2016-06-19,F,Hispanic,72765
713de691-9753-45ae-91a6-be1556e48670,Christopher,Kline,2018-08-14,M,Black,98668
0cbdfb96-ea81-4717-824b-d21864827323,Ann,Johnson,1986-10-10,F,Black,07008
b277014a-2a2e-4499-97ad-847a53f85680,Kenneth,Hanna,1965-12-20,F,White,29513
04d3bff6-07bc-4ced-a4cb-0f711c3ed36d,Megan,Adams,1987-09-16,M,White,54175
d377f1a1-a1f1-4ec1-95d0-2be087a02b83,Sharon,Coffey,1939-10-13,M,Other,89918
239e5318-bb5e-4df8-bc3f-e19aca74e106,Thomas,Holland,1989-01-07,F,Black,79293
bd075d88-a4ec-4a05-aad8-b36c7944b862,Courtney,Franklin,1926-08-27,F,Asian,40538
0eedd193-329f-49d1-a06c-db8a9101f094,Michelle,Hill,1957-05-30,F,Other,49846
fca54723-e809-4e8b-92a6-15216d83ff49,Judy,Robinson,1961-04-02,F,Asian,40103
d210a2aa-6c93-47db-8c34-593e97df13e0,Samantha,Sanders,1961-03-08,Other,Hispanic,13911
f176d55f-b5ee-47f9-87a7-41627c993611,Zachary,Levy,1942-02-05,M,Hispanic,49552
8dec4d84-0d65-4254-9934-eb3c9e6b2758,Linda,Campbell,1968-04-03,M,Asian,90208
01cb7b25-b253-4f31-bc4a-ed182d90dad7,Arthur,Mcneil,1969-07-26,F,White,84465
4aeba029-ef40-4ce1-81a8-94ce877cb8ae,Donald,Douglas,1986-01-04,Other,Black,85890
7677317e-9ca8-4a49-bd57-863cca58be79,Chris,Cannon,2022-10-21,F,Other,07942
d98e65da-b291-426c-9561-05c93a39cfd6,Rebekah,Greene,1950-10-15,F,Black,87078
2043ed8f-e8ee-4ddc-a796-c70f51ab6217,Charles,Johnson,1990-07-06,F,Black,65692
92a3ba78-9165-4c6f-b1dc-f14acff233ad,Deanna,MD,1957-07-23,Other,Black,05130
99db89d0-3a86-41ff-85aa-8f51f4342d89,Wendy,Cabrera,1936-02-15,Other,Asian,45480
64982ec9-825a-42c8-9302-7bfad65e1a63,Courtney,Nichols,1979-07-17,F,Hispanic,62856
2081447d-3aac-4b1a-9799-b8dec92a395d,Megan,Romero,1943-01-11,M,Asian,22781
965f2b51-91e1-4a5e-8e59-181a4458f567,Sherri,White,1995-05-06,M,Other,13294
891611f9-b08d-405e-9643-ec353c8d84dd,Patrick,Hardy,1938-02-04,M,Other,73774
d92b0904-5bf1-4439-98c3-5c2f57f709f1,Catherine,Frazier,2015-03-05,Other,White,44493
6f5ad456-3b7e-4ccb-b958-5e2318621ae2,Courtney,Walker,2012-05-17,Other,White,40751
98b2b616-c1f3-4aee-857c-58178a53b01d,Stephen,Watson,2024-07-26,F,Black,77252
e626c902-9680-4191-878c-be22279f738e,Samuel,Ruiz,1984-03-09,M,Black,83652
a73b83cb-bb3a-4648-8119-029347b9393b,Terry,Jones,2024-01-27,M,Other,26000
962e30a0-2319-4701-b7b1-2afbbbfafd9e,Sharon,James,1943-11-22,F,White,39607
b3f4357b-1e96-4bac-89c4-65d5dd4f17f2,Seth,Hernandez,1939-01-05,Other,Hispanic,26754
c7a5037c-d04f-46ed-bf47-9d3fe9d40c1e,William,Orozco,2022-11-22,M,Other,60475
a7d97802-9a66-4032-881c-998b7c9713ca,Scott,White,1926-09-25,F,White,11093
96dcbdce-a1c0-4372-859a-f36f0d1c1763,Mr.,Walters,2022-09-17,Other,Asian,01118
593d83ed-722b-479d-9904-a123f92361ff,Daniel,Ayala,1929-08-02,F,White,76035
72e9b804-23a7-41e4-b901-4712745b068a,Katherine,Gallagher,1935-08-08,Other,Hispanic,12040
595f93ed-223d-48d1-9fc3-70b6e7ab9662,Jeffrey,Jordan,1993-07-19,M,White,56734
c2142308-d6d2-4a53-978e-e48c11f1b700,Janet,Johnson,1931-08-16,M,Black,26638
0b140e53-9ab4-48a0-9400-5bb55a3647b0,Tiffany,Mcclain,1991-04-11,Other,Other,99702
46e6d73f-36f0-4ce0-96ff-a39fe7c6688d,Cheryl,Rhodes,1980-06-03,F,Asian,82642
7bb38d52-7460-4f65-89f3-4b2540d471da,Courtney,Wiley,1954-07-01,M,Asian,41407
1a2dd56a-68cf-49f4-9cd2-d90446b03728,James,Chapman,1952-11-10,F,Other,22392
08b1f72d-530d-456e-8c15-a16db733de85,Angel,Fry,1982-01-28,Other,Black,60260
b9857b9c-9f9b-4ecd-ada6-dce32afac365,Linda,Morgan,1971-11-21,Other,White,90518
293df0ef-c95a-42d1-9715-2e699d1cb548,Grace,MD,2020-01-11,M,Hispanic,25198
9cbfc79e-bab2-44df-b12a-b8e403fa5575,Terry,Burnett,1957-08-30,F,Other,03007
b0e70109-439b-4ada-b2b3-3dff9144ba45,Nicholas,Anderson,1940-04-21,M,White,96717
5df31d74-6da6-498c-abff-7b6f6f9d9830,Jonathan,Martinez,1994-12-18,M,Hispanic,93707
ee04312e-e0fd-48de-9eca-16159e85da44,Amanda,Mcdowell,1947-11-10,Other,Asian,34027
9c3c74a1-c998-44df-b4d9-002affa603dc,Lisa,Wheeler,2008-08-08,Other,White,06787
a005d892-d80b-472f-b0f1-23e4e32fe3d8,Martha,Smith,1984-06-27,M,Other,90907
df00cc05-4efa-4de2-9f13-3df05dbafe73,Jeremy,Martinez,1940-05-24,F,White,33627
57c6270c-fc67-4d0b-a0a1-38dbe8bdf622,Christian,Neal,2012-05-16,Other,Asian,83117
69d043a6-a7d7-432e-9036-e8c900bb44fc,Jason,Garcia,1928-04-11,Other,White,68698
708976e8-e9f9-4343-a4ff-3812ef75d26c,Larry,Taylor,1993-07-13,F,White,14252
f225719d-f575-4e5c-b798-ff4e3611ce58,Lisa,Campbell,1988-07-17,Other,Black,14429
b657f87e-0f47-4355-8071-957052f50570,Mr.,DVM,1954-04-01,M,Asian,47414
0d602dee-3527-4ebe-83f8-5574a30550c9,Elizabeth,Williams,1996-07-25,Other,Black,65559
9331ae3d-75c4-453b-9945-2954b0f113b5,Melissa,Castillo,1955-11-21,Other,Other,31238
0210e79a-3dfd-4c46-8c7d-503e52fd48c5,Michael,Meadows,1966-03-11,F,Black,75756
4fc840db-6dff-4264-9c53-fbec19bdd660,Brittany,Davis,2011-08-23,Other,Asian,67571
f8e34ce1-fc3e-4059-9d2f-a92224620894,Nathaniel,Conway,2016-01-29,M,Hispanic,84955
c9d9f773-e582-4f76-9214-9c4bf79fb5f9,William,Phillips,1984-01-23,M,Asian,61354
b00c9d13-d30a-4666-aac0-938db3585362,Robert,Sawyer,1954-07-14,F,White,38586
c3b21ce1-5064-47bc-b3b5-91b773143251,Michael,Simmons,1976-09-02,F,Hispanic,15692
5ed149e6-8d50-4d30-9335-f02270b44697,Peter,Williams,1984-10-11,F,Other,18640
be156fad-e424-49fc-854e-e70edebc9934,Carolyn,Howard,1958-05-09,F,Black,57873
f658c184-a57b-44fc-b4ca-d2491a1d9e11,Debra,Quinn,1957-07-08,M,Other,49341
e09b1eff-42be-45b0-a3ad-dd1574533bf3,Catherine,Morales,1972-09-18,M,White,60340
56838c25-be61-45a3-b646-6f467a8932da,James,Jefferson,2010-12-29,F,Black,55779
88a4efbc-41ea-4c02-a195-abdf34966d1f,Rebecca,Wilson,1957-07-13,Other,Black,91749
d0069c6c-9258-420f-a28c-1b7ad7a54021,Vicki,Richard,1955-10-21,F,Asian,14094
f536b2c2-d7c8-41c6-9a8c-c3ee20b73ec1,Kevin,Pham,2006-08-06,M,White,89419
9473fc5d-b002-4bbf-b66e-b328fd8d4932,Logan,Maxwell,1970-05-27,F,Asian,80632
0d5deed4-86e1-4077-881a-bcf5d6b94aa2,Michael,Roberson,1977-04-23,M,Black,17626
19864c9f-ca8c-4594-b36a-80384e375861,Mr.,Alexander,2010-01-18,M,Hispanic,08802
87f4992e-1900-486d-9514-508605e692ba,Ernest,Bush,1945-03-06,Other,Other,89358
371267fb-ab86-4d83-97f5-39532f730421,Natasha,Cummings,1933-10-07,F,White,29859
35084ce4-46c7-4ae0-b41b-14586e57ce50,Mckenzie,Morgan,2020-12-31,M,Asian,69065
597698aa-4a3f-477d-b2de-9fe34866d61f,Lisa,Reynolds,1926-04-09,M,Other,95744
677eaab0-494d-442d-8d96-1055c7e8ab52,Gregory,Rhodes,1967-07-03,F,White,50947
a0898447-7376-4bf2-9b1f-7480bfd0faa1,Ronald,Mcclain,1973-05-07,F,Hispanic,80836
dcd761bc-4cc6-4d0c-9114-70bb88479715,Mason,Moore,2010-07-08,Other,Other,62011
09f5c827-884a-445a-ac08-70a106b7240f,Sheila,Jones,1982-02-27,Other,Other,64942
822e88f2-73e4-4fbf-8875-451d59fce83a,Gary,Ramirez,1995-04-15,Other,Hispanic,66945
c5a36ff9-3f7f-499f-8e13-cbb34f018f8e,Mason,Powell,1995-04-20,M,Asian,31302
dc419e04-bd6a-4468-a0ca-0f4ab3273747,Jeremy,Berry,1971-09-07,F,Hispanic,12037
dd328bb3-546a-4efd-b48c-f9e1e568a305,Jillian,Wilson,1999-07-13,M,Black,65692
9d97f381-7023-404c-86f8-1550460f087a,Alicia,Powell,1947-09-21,F,Hispanic,05197
b4f7d698-44b6-4db3-9477-c7044282f0cc,April,Davis,1971-12-06,F,White,79695
bb6693b2-6a59-4991-8158-71d88cf561ee,Marcia,Wu,1960-12-01,F,Black,74207
4aea7881-6ef0-4f51-ab12-5197fb8c9623,Michael,Clements,1936-10-02,Other,Other,48125
86800f93-41aa-4ef0-8763-eec37564ba3c,Ruth,Richard,1990-08-17,F,White,44013
c48398d5-3a44-4b1b-95d0-064a63b932da,Lisa,Kennedy,2001-05-27,F,White,86637
9c13b352-f9a8-452b-9778-15ea2acc353b,Jesse,Davis,1954-09-18,F,Other,86865
60642b17-ba1b-4d61-b9dc-c56107db69d1,Glenn,Gallegos,1957-07-20,F,Hispanic,38771
e588c3fc-5cf3-48e3-a921-068bcace99b3,Jacqueline,Rodriguez,1965-08-26,F,Other,22017
a98b0d67-2d81-4d18-a429-2a10712afcbf,Rodney,MD,2001-04-15,F,Asian,33831
5c70ed35-3715-43bb-a707-e83d99fe7e09,Chelsea,Conrad,1989-09-03,F,Asian,51998
d1afa2e3-c18d-482b-a912-1fc9e2dd85d3,Roger,Lee,1993-11-03,F,Asian,44794
bdf050e8-2c7e-46b9-92ba-b520fe2ea466,Jason,House,1973-06-02,Other,Hispanic,88599
bf2e7e26-9790-458f-8e4f-3b791fff7f76,Patricia,Hayes,1982-03-20,F,Hispanic,86806
6a25af05-7447-4b34-8559-5e42889af33b,Kathy,Maynard,1975-06-03,F,Asian,01069
2b36042d-3173-478e-a9e0-ddc204d43a06,Amber,Mcconnell,2005-04-12,Other,Black,77193
3c1bb8db-79b5-49c3-8cdf-2644a3026cf6,Mr.,Thompson,1927-10-24,M,Other,76333
f68a749d-3d1a-49ed-a725-4435e3809030,Robert,Garcia,2020-11-19,Other,Hispanic,86683
81a4ecab-d7e9-4c0d-8c5f-ce8edc7bc56f,Sonya,Gordon,1988-02-05,F,Asian,50919
71e3bdc8-8bd6-4c5f-a5fe-1f1857200fce,Lee,Schwartz,2013-04-21,F,Hispanic,33038
0a57917b-6c05-4215-a5e6-0e22ec9d8f18,Victor,Waller,2000-09-27,Other,Asian,59856
13079d9d-a215-41f7-beef-28f3f4b52f85,Brenda,Morrison,1982-04-15,F,Black,98598
48554486-be31-4e29-807e-22c8f06c07e0,Sarah,Kelley,1949-10-16,F,White,41645
2cd09539-7bb2-44ff-a3e6-ce0fee57e82f,Taylor,Chen,1945-02-19,Other,Hispanic,26831
c2791f85-dcd1-40ed-a427-dd0c87e44cb9,Miguel,Parks,1953-10-18,Other,Other,88630
d8bd06af-c352-495f-87af-0101d79124dc,Michael,Hester,1950-08-29,Other,White,23807
50b6b604-46ba-42d1-8662-7445b61b7358,Melissa,Morris,1961-03-15,Other,Other,15627
e5fbc7e7-c057-4bda-bef8-dd65a3b3f870,Kristina,Aguilar,2010-06-19,M,Black,87946
20b9a767-ee7a-43e7-85f2-e93a06d7c7ea,Megan,English,1962-01-06,M,Other,70480
66300836-202e-43ef-94f3-65db1c1d6f3f,Ryan,Stokes,2017-10-06,Other,Hispanic,69016
607808d5-dceb-45d6-b65b-d64e40796764,James,Brown,1966-03-20,F,White,07920
7e4da141-7de6-4531-bdb2-861ef6b7997e,Paul,Martin,2023-10-27,M,Asian,38068
6ccbb2a4-231b-42da-8a74-38ff8cb7c132,Brianna,Brown,1985-11-17,Other,Other,39185
3fef16e0-900b-4a0d-a1a4-cf9368ad00fe,Joshua,Howard,1986-01-20,F,Asian,59823
918c2423-7adb-43a1-807d-e67d8b02965d,Sean,Stevenson,1955-07-14,F,Other,29901
cf1f777f-0558-4184-9032-747104753a2b,Kristina,Young,1935-12-01,M,Asian,91743
913ac8a9-638c-4864-93ab-7e860186a369,Matthew,House,2021-04-22,F,White,51298
b100d1f6-39eb-4c6b-9fe3-b206044f80b9,Richard,Jennings,1972-09-14,F,White,72869
798d969a-4bd6-4337-b6df-a1e2b7f4428b,Patrick,Harris,2004-11-20,Other,Black,58574
086a159e-b3dd-4a82-8b6b-0c71fcb02c37,Susan,Bush,1963-03-19,F,Asian,85387
c78ca217-f343-4d3a-b227-42c6cc01b13e,Kevin,Rodgers,1944-01-06,M,Other,26252
f9a92d5f-45f6-45b2-9599-d8e7d666f861,Tracey,Phillips,1939-01-23,F,Hispanic,23756
f6afb5b6-e323-4dd6-bd25-93b9c754d58b,Mrs.,Moss,2008-03-13,F,Hispanic,16144
f438e2af-74df-4b88-a7a6-bb2e4834eef7,Jeffrey,Hawkins,1968-06-28,M,Asian,17549
277abddf-25f8-48b9-ade7-6aea8ef9c8dd,Ryan,Smith,2017-09-11,Other,White,61623
26eed879-2adc-4cb5-8529-9e947568aa27,Brittney,Hernandez,2021-08-29,F,White,42788
d695c9c3-9ad4-49d6-a1a1-7c7cae14dca8,Patricia,Garrett,1996-03-22,Other,Black,87256
e8afa64b-89ed-4ee3-baac-57868baa5219,Richard,Pierce,1933-02-16,M,Other,10053
0f05d406-dfd9-4e33-bc54-8f377305f99c,Emily,Robinson,1996-12-24,F,Other,24601
1d79accd-9892-46a3-84f2-114548403441,Rachel,Moore,1949-03-18,F,Black,71683
11329377-e732-490c-a898-3a97f8b07d31,Anna,Walker,1953-01-13,Other,Black,28465
